{
  "colleges": [
    "ASA College (FL)",
    "Abilene Christian",
    "Acadia (Canada)",
    "Acadia University",
    "Adams St.",
    "Air Force",
    "Akron",
    "Ala-Birmingham",
    "Alabama",
    "Alabama A&M",
    "Alabama A&M University",
    "Alabama St.",
    "Alabama State University",
    "Alabama-Huntsville",
    "Albany (NY)",
    "Albany State (GA)",
    "Albany State University",
    "Albion",
    "Albright",
    "Alcorn St.",
    "Alcorn State",
    "Alfred",
    "Allan Hancock College",
    "Allegany College of Maryland",
    "Allegheny",
    "Allen",
    "Allentown College",
    "Alliance College",
    "Alma",
    "Amarillo College",
    "American College of Physical Education",
    "American Int.",
    "American International College",
    "American University",
    "Amherst",
    "Anahuac (Mexico)",
    "Anderson (IN)",
    "Angelo State (TX)",
    "Antelope Valley JC",
    "Appalachian St.",
    "Appalachian State University",
    "Apprentice",
    "Arizona",
    "Arizona St.",
    "Arizona State",
    "Arizona Western",
    "Arizona Western College",
    "Ark-Pine Bluff",
    "Arkansas",
    "Arkansas St.",
    "Arkansas State University",
    "Arkansas Tech",
    "Arkansas\u00e2\u0080\u0093Monticello",
    "Army",
    "Arnold",
    "Ashland",
    "Ashland University",
    "Assumption",
    "Assumption College",
    "Assumption University",
    "Auburn",
    "Auburn University at Montgomery",
    "Augsburg",
    "Augsburg College",
    "Augusta State (GA)",
    "Augusta State University",
    "Augustana (IL)",
    "Augustana (SD)",
    "Augustana College (SD)",
    "Aurora",
    "Aurora University",
    "Austin",
    "Austin Peay St.",
    "Austin Peay State University",
    "Austria Technical",
    "Averett University",
    "Azusa Pacific",
    "Azusa Pacific University",
    "BYU",
    "Baker",
    "Bakersfield JC",
    "Baldwin Wallace",
    "Ball St.",
    "Ball State University",
    "Barton",
    "Barton County Community College",
    "Bates",
    "Baylor",
    "Belgrade",
    "Belhaven",
    "Belmont",
    "Belmont Abbey College",
    "Beloit",
    "Beloit College",
    "Bemidji St.",
    "Bemidji State University",
    "Benedict College",
    "Benedictine",
    "Bentley College",
    "Berry",
    "Bethany (KS)",
    "Bethany (WV)",
    "Bethel College",
    "Bethune-Cookman",
    "Bethune-Cookman College",
    "Billings",
    "Birmingham-Southern",
    "Bishop",
    "Black Hills St.",
    "Blinn College",
    "Blinn College (TX)",
    "Bliss",
    "Bloomsburg",
    "Bloomsburg University of Pennsylvania",
    "Bluffton",
    "Boise St.",
    "Boise State",
    "Boston Col.",
    "Boston College",
    "Boston Univ.",
    "Boston University",
    "Bowie St.",
    "Bowling Green",
    "Bradley",
    "Brandeis",
    "Brandywine Junior College",
    "Bridgeport",
    "Brigham Young University Hawaii",
    "British Columbia",
    "Brockport St.",
    "Brooklyn",
    "Brooklyn College",
    "Brown",
    "Brown Mackie College",
    "Brown University",
    "Bryant",
    "Bucknell",
    "Buena Vista",
    "Buffalo",
    "Buffalo State",
    "Butler",
    "Butler (KS)",
    "Butler County Community College",
    "Butte JC (CA)",
    "C.W. Post",
    "CCNY",
    "Cal Poly",
    "Cal Poly Pomona",
    "Cal Poly-Pomona",
    "Cal Poly-San Luis Obispo",
    "Cal State Fullerton",
    "Cal State Long Beach",
    "Cal State Northridge",
    "Cal State San Bernardino",
    "Cal State-Bakersfield",
    "Cal State-Chico",
    "Cal State-Fullerton",
    "Cal State-Hayward",
    "Cal State-Northridge",
    "Calgary",
    "California",
    "California (PA)",
    "California Lutheran",
    "California State University",
    "California University of Pennslyvania",
    "California Western",
    "California Western Uiversity",
    "Cameron",
    "Cameron University",
    "Campbell",
    "Campion",
    "Canisius",
    "Carleton",
    "Carleton College",
    "Carlisle Indian",
    "Carnegie Mellon",
    "Carroll (MT)",
    "Carroll (WI)",
    "Carson-Newman",
    "Carthage",
    "Case Western Reserve",
    "Case Western Reserve University",
    "Casper College",
    "Catawba",
    "Catholic",
    "Catholic University of America",
    "Centenary",
    "Centenary (LA)",
    "Central Arkansas",
    "Central College (IA)",
    "Central Connecticut St.",
    "Central Connecticut State University",
    "Central Florida",
    "Central Florida CC",
    "Central Michigan",
    "Central Michigan University",
    "Central Missouri St.",
    "Central Missouri State University",
    "Central Oklahoma",
    "Central State (OH)",
    "Central State University",
    "Central Washington",
    "Centre",
    "Cerritos (CA)",
    "Cerritos College",
    "Chabot",
    "Chadron St.",
    "Chapman",
    "Charleston (WV)",
    "Charleston Southern",
    "Charlotte",
    "Chattanooga",
    "Cheyney",
    "Cheyney (PA)",
    "Chicago",
    "Chicago State",
    "Chipola College",
    "Chowan",
    "Christian Brothers (MO)",
    "Christopher Newport University",
    "Cincinnati",
    "Cisco (TX)",
    "City College of New York",
    "City College of San Francisco",
    "Clarinda Campus",
    "Clarion",
    "Clark (GA)",
    "Clark Atlanta University",
    "Clarkson",
    "Clemson",
    "Cleveland State University",
    "Clinch Valley",
    "Coast Guard",
    "Coastal Carolina",
    "Cochise Community College",
    "Coe College",
    "Coffeyville CC",
    "Col. of Emporia",
    "Col. of Idaho",
    "Col. of the Sequoias",
    "Colgate",
    "College of Charleston",
    "College of Idaho",
    "College of Marin",
    "College of Saint Rose",
    "College of Southern Idaho",
    "College of Wooster",
    "College of the Canyons (CA)",
    "College of the Redwoods",
    "Colorado",
    "Colorado Col.",
    "Colorado Mesa",
    "Colorado Mines",
    "Colorado St.",
    "Colorado State",
    "Colorado State-Pueblo",
    "Colorado-Colorado Springs",
    "Columbia",
    "Columbia Basin College",
    "Columbia University",
    "Compton CC (CA)",
    "Concordia (IL)",
    "Concordia (NE)",
    "Concordia (QB)",
    "Concordia (WI)",
    "Concordia-Moorhead (MN)",
    "Concordia-St.Paul (MN)",
    "Connecticut",
    "Connors State College",
    "Contra Costa JC",
    "Copiah-Lincoln CC",
    "Coppin State University",
    "Cornell",
    "Cornell Col.",
    "Corpus Christi",
    "Cortland St.",
    "Creighton",
    "Culver-Stockton",
    "Culver-Stockton College",
    "Cumberlands",
    "Cuyahoga Community College",
    "Cypress College",
    "Dakota Wesleyan",
    "Dakota Wesleyan University",
    "Dana",
    "Dartmouth",
    "Dartmouth College",
    "Davidson",
    "Davis & Elkins",
    "Davis & Elkins College",
    "Dayton",
    "DePaul",
    "DePauw",
    "DePauw University",
    "Deakin (Australia)",
    "Defiance",
    "Delaware",
    "Delaware St.",
    "Delaware State University",
    "Delaware Valley",
    "Delta College",
    "Delta St.",
    "Delta State University",
    "Denison",
    "Denver",
    "Detroit Mercy",
    "Detroit Tech",
    "Diablo Valley College",
    "Dickinson",
    "Dillard University",
    "Dixie State (UT)",
    "Doane",
    "Dodge City (KS)",
    "Dodge City Community College",
    "Drake",
    "Drake University",
    "Drexel",
    "DuPage (IL)",
    "Dubuque",
    "Duke",
    "Duquesne",
    "Earlham",
    "East Carolina",
    "East Carolina University",
    "East Central (OK)",
    "East Central CC (MS)",
    "East Central University",
    "East Mississippi CC",
    "East Stroudsburg",
    "East Tennessee St.",
    "East Tennessee State University",
    "Eastern Arizona",
    "Eastern Arizona College",
    "Eastern Illinois",
    "Eastern Illinois University",
    "Eastern Kentucky",
    "Eastern Kentucky University",
    "Eastern Michigan",
    "Eastern Montana",
    "Eastern New Mexico",
    "Eastern New Mexico University",
    "Eastern Oklahoma State College",
    "Eastern Oregon",
    "Eastern Washington",
    "Edinboro",
    "Edward Waters",
    "El Camino Col. (CA)",
    "Elizabeth City St.",
    "Elizabeth City State University",
    "Elmhurst",
    "Elon",
    "Elon University",
    "Emporia St.",
    "Evangel (MO)",
    "Evansville",
    "Fairfield",
    "Fairmont St.",
    "Fayetteville St.",
    "Fayetteville State University",
    "Ferris St.",
    "Ferrum",
    "Findlay",
    "Fisk",
    "Flagler",
    "Florida",
    "Florida A&M",
    "Florida Atlantic",
    "Florida Gulf Coast",
    "Florida International",
    "Florida International University",
    "Florida SouthWestern State College",
    "Florida St.",
    "Florida State",
    "Florida Tech",
    "Fordham",
    "Fort Hays St.",
    "Fort Lewis",
    "Fort Scott (KS)",
    "Fort Valley St.",
    "Fort Valley State University",
    "Fort Worth Community College",
    "Framingham St.",
    "Frank Phillips College",
    "Franklin & Marshall",
    "Franklin (IN)",
    "Franklin College",
    "Frederick College",
    "Fresno St.",
    "Fresno State",
    "Friends",
    "Friendship Junior College",
    "Frostburg St.",
    "Fullerton JC",
    "Furman",
    "Furman University",
    "Gannon University",
    "Garden City (KS)",
    "Gardner-Webb",
    "Gardner-Webb University",
    "Gavilan College",
    "General Motors Institute",
    "Geneseo St.",
    "Geneva",
    "George Fox",
    "George Mason",
    "George Washington",
    "Georgetown",
    "Georgetown (DC)",
    "Georgetown (KY)",
    "Georgia",
    "Georgia Military",
    "Georgia Southern",
    "Georgia Southern University",
    "Georgia St.",
    "Georgia State University",
    "Georgia Tech",
    "Gettysburg",
    "Golden West",
    "Gonzaga",
    "Graceland College (IA)",
    "Grambling St.",
    "Grambling State University",
    "Grand Canyon University",
    "Grand Valley St.",
    "Grand View",
    "Green Bay",
    "Greenville",
    "Grinnell",
    "Grossmont College (CA)",
    "Grove City",
    "Guelph",
    "Guilford",
    "Guilford College",
    "Gustavus Adolphus",
    "Hamline",
    "Hamline University",
    "Hampden-Sydney",
    "Hampton",
    "Hanover College",
    "Harbor College",
    "Hardin-Simmons",
    "Hardin-Simmons University",
    "Harding",
    "Hartnell",
    "Harvard",
    "Harvard University",
    "Haskell Indian",
    "Hastings",
    "Hastings College",
    "Hawaii",
    "Heidelberg",
    "Henderson St.",
    "Hibbing CC (MN)",
    "Hibbing Community College",
    "High Point University",
    "Highland (KS)",
    "Highline",
    "Hill College",
    "Hillsdale",
    "Hillsdale College",
    "Hinds CC",
    "Hiram",
    "Hiram College",
    "Hiram Scott College",
    "Hobart",
    "Hofstra",
    "Holmes (MS)",
    "Holy Cross",
    "Holy Cross (IN)",
    "Houston",
    "Houston Baptist University",
    "Houston Christian",
    "Howard",
    "Howard College",
    "Howard Payne",
    "Howard University",
    "Humboldt St.",
    "Humboldt State University",
    "Huntington University",
    "Hutchinson (KS)",
    "ITESM Monterey",
    "IUPUI",
    "Idaho",
    "Idaho St.",
    "Idaho State University",
    "Illinois",
    "Illinois Benedictine",
    "Illinois St.",
    "Illinois State",
    "Illinois Tech",
    "Illinois Wesleyan",
    "Illinois Wesleyan University",
    "Imperial Valley College",
    "Incarnate Word",
    "Independence (KS)",
    "Indian Hills Community College",
    "Indiana",
    "Indiana (PA)",
    "Indiana St.",
    "Indiana State University",
    "Indianapolis",
    "Iona",
    "Iona College",
    "Iowa",
    "Iowa Central",
    "Iowa St.",
    "Iowa State",
    "Iowa Wesleyan",
    "Iowa Western",
    "Iowa Western Community College",
    "Irvine",
    "Irvine Valley College",
    "Itawamba (MS)",
    "Ithaca",
    "Jackson St.",
    "Jackson State University",
    "Jacksonville",
    "Jacksonville College",
    "Jacksonville St.",
    "Jacksonville State University",
    "Jacksonville University",
    "James Madison",
    "James Madison University",
    "Jamestown",
    "Jefferson",
    "John A. Logan College",
    "John Carroll",
    "Johnson C. Smith",
    "Johnson C. Smith University",
    "Kalamazoo",
    "Kansas",
    "Kansas St.",
    "Kansas State",
    "Kennesaw St.",
    "Kent St.",
    "Kent State University",
    "Kentucky",
    "Kentucky St.",
    "Kentucky State University",
    "Kentucky Wesleyan",
    "Kentucky Wesleyan College",
    "Kenyon",
    "Kenyon College",
    "Kilgore College",
    "King Alfred's (England)",
    "King's College",
    "Knox",
    "Knoxville",
    "Kutztown (PA)",
    "LSU",
    "La Salle",
    "La Verne",
    "La-Monroe",
    "Labette Community College",
    "Lackawanna",
    "Lafayette",
    "Lake Forest",
    "Lakeland",
    "Lamar",
    "Lambuth",
    "Lane",
    "Laney",
    "Langston",
    "Laval",
    "Lawrence",
    "Lawrence Technological University",
    "LeMoyne College",
    "LeMoyne-Owen College",
    "Lebanon Valley",
    "Lebanon Valley College",
    "Lee College",
    "Lehigh",
    "Lenoir-Rhyne",
    "Lewis & Clark",
    "Lewis (IL)",
    "Liberty",
    "Limestone",
    "Lincoln (MO)",
    "Lincoln Col.",
    "Lincoln Memorial",
    "Lincoln University of Missouri",
    "Lindenwood",
    "Linfield",
    "Lipscomb",
    "Little Rock",
    "Livingstone",
    "Lock Haven",
    "Lombard",
    "Lon Morris College",
    "Long Beach CC",
    "Long Beach City College",
    "Long Beach St.",
    "Long Island",
    "Long Island University",
    "Longwood University",
    "Loras",
    "Los Angeles",
    "Los Angeles CC",
    "Los Angeles St.",
    "Los Angeles Valley",
    "Louisburg",
    "Louisiana",
    "Louisiana College",
    "Louisiana Tech",
    "Louisiana-Monroe",
    "Louisville",
    "Loyola (IL)",
    "Loyola (LA)",
    "Loyola (MD)",
    "Loyola Chicago",
    "Loyola Marymount",
    "Luther",
    "MD-Eastern Shore",
    "MacMurray",
    "Macalester",
    "Maine",
    "Malone",
    "Manatee-Sarasota",
    "Manchester",
    "Manhattan",
    "Manhattan University",
    "Manitoba",
    "Marian",
    "Marietta",
    "Marion Military Institute",
    "Marist",
    "Marist College",
    "Marquette",
    "Mars Hill",
    "Marshall",
    "Mary Hardin-Baylor",
    "Maryland",
    "Massachusetts",
    "Master's College",
    "McGill",
    "McKendree University",
    "McMurry",
    "McNeese St.",
    "McNeese State University",
    "McPherson",
    "Memphis",
    "Menlo",
    "Merced College",
    "Mercer",
    "Mercer University",
    "Merchant Marine",
    "Mercyhurst",
    "Meridian Community College",
    "Metro State",
    "Miami (FL)",
    "Miami (OH)",
    "Miami University",
    "Michigan",
    "Michigan St.",
    "Michigan State",
    "Michigan Tech",
    "MidAmerica Nazarene University",
    "Middle Tenn. St.",
    "Middle Tennessee",
    "Middlebury",
    "Midland College",
    "Midwestern St.",
    "Midwestern State University",
    "Miles",
    "Miles College",
    "Millersville",
    "Millikin",
    "Millsaps",
    "Millsaps College",
    "Milton",
    "Mineral Area College",
    "Minnesota",
    "Minnesota St.",
    "Minnesota-Crookston",
    "Minnesota-Duluth",
    "Minot St.",
    "Miramonte JC",
    "Miss. Valley St.",
    "Mississippi",
    "Mississippi Col.",
    "Mississippi Delta CC",
    "Mississippi Gulf Coast CC",
    "Mississippi St.",
    "Mississippi State",
    "Mississippi Valley State University",
    "Missouri",
    "Missouri S&T",
    "Missouri Southern",
    "Missouri State",
    "Missouri Valley",
    "Missouri Western St.",
    "Missouri-Kansas City",
    "Moberly Area Community College",
    "Modesto JC",
    "Molloy",
    "Monmouth",
    "Monmouth (IL)",
    "Monmouth University",
    "Monroe Community College",
    "Montana",
    "Montana St.",
    "Montana State",
    "Montana State University",
    "Montana Tech",
    "Montclair St.",
    "Montreal",
    "Moorhead State (MN)",
    "Moorpark College",
    "Moraine Valley CC (IL)",
    "Moravian",
    "Morehead St.",
    "Morehead State University",
    "Morehouse",
    "Morehouse College",
    "Morgan St.",
    "Morgan State University",
    "Morningside",
    "Morris Brown",
    "Mott Community College",
    "Mount San Antonio College",
    "Mount San Antonio JC",
    "Mount Senario",
    "Mount St. Mary's",
    "Mount St. Mary's University",
    "Mount Union",
    "Mount Union College",
    "Muhlenberg",
    "Muhlenberg College",
    "Murray St.",
    "Murray State",
    "Murray State College",
    "Muskingum",
    "NC Central",
    "NC State",
    "NE Illinois",
    "NE Oklahoma A&M",
    "NE State (OK)",
    "NW (IA)",
    "NW Missouri St.",
    "NW Oklahoma St.",
    "NYU",
    "Nassau CC",
    "Navarro",
    "Navy",
    "Nebraska",
    "Nebraska Wesleyan",
    "Nebraska-Kearney",
    "Nebraska-Omaha",
    "Nevada",
    "New Hampshire",
    "New Haven",
    "New Mex. Highlands",
    "New Mex. Mil. Inst.",
    "New Mexico",
    "New Mexico Highlands University",
    "New Mexico Junior College",
    "New Mexico Military Institute",
    "New Mexico St.",
    "New Mexico State",
    "New Mexico Tech",
    "New Orleans",
    "New York City College of Technology",
    "New York Tech",
    "Newberry",
    "Newport (Wales)",
    "Niagara",
    "Niagara University",
    "Nicholls St.",
    "Nicholls State",
    "None",
    "Norfolk St.",
    "Norfolk State",
    "North Alabama",
    "North Carolina",
    "North Carolina A&T",
    "North Carolina Central",
    "North Carolina St.",
    "North Carolina\u00e2\u0080\u0093Pembroke",
    "North Central",
    "North Central Texas College",
    "North Central University",
    "North Dakota",
    "North Dakota St.",
    "North Dakota State College of Science",
    "North Dakota-Ellendale",
    "North Greenville",
    "North Park",
    "North Park University",
    "North Texas",
    "Northeast Community College",
    "Northeast Mississippi CC",
    "Northeast Mississippi Community College",
    "Northeastern",
    "Northeastern Junior College",
    "Northeastern State University",
    "Northeastern University",
    "Northern Arizona",
    "Northern Arizona University",
    "Northern Colorado",
    "Northern Illinois",
    "Northern Iowa",
    "Northern Michigan",
    "Northern Oklahoma College",
    "Northern State Univ.",
    "Northern Virginia CC",
    "Northland (WI)",
    "Northwest College",
    "Northwest Florida State College",
    "Northwest Mississippi CC",
    "Northwest Missouri State University",
    "Northwestern",
    "Northwestern Oklahoma State University",
    "Northwestern St. (LA)",
    "Northwestern State University",
    "Northwood",
    "Northwood University",
    "Norwich",
    "Notre Dame",
    "Notre Dame (OH)",
    "Oakland",
    "Oberlin",
    "Occidental",
    "Odessa College",
    "Oglethorpe",
    "Ohio",
    "Ohio Dominican",
    "Ohio Northern",
    "Ohio St.",
    "Ohio State",
    "Ohio University",
    "Ohio Wesleyan",
    "Ohio Wesleyan University",
    "Okaloosa-Walton Community College",
    "Oklahoma",
    "Oklahoma Baptist",
    "Oklahoma Baptist University",
    "Oklahoma City",
    "Oklahoma City University",
    "Oklahoma Junior College",
    "Oklahoma St.",
    "Oklahoma State",
    "Old Dominion",
    "Ole Miss",
    "Olivet",
    "Oral Roberts",
    "Oregon",
    "Oregon St.",
    "Oregon State",
    "Oregon Tech",
    "Ottawa (KS)",
    "Otterbein",
    "Otterbein College",
    "Ouachita Baptist",
    "Ouachita Baptist University",
    "Pacific",
    "Pacific (OR)",
    "Pacific Lutheran",
    "Palomar (CA)",
    "Palomar College",
    "Panhandle State (OK)",
    "Paris Junior College",
    "Park",
    "Parsons",
    "Pasadena CC",
    "Pasadena City College",
    "Paul Quinn",
    "Pearl River CC",
    "Pearl River Community College",
    "Peirce College",
    "Penn",
    "Penn St.",
    "Penn State",
    "Pennsylvania",
    "Pensacola State",
    "Pepperdine",
    "Peru St.",
    "Pfeiffer University",
    "Philander Smith",
    "Phillips",
    "Phillips University",
    "Phoenix College",
    "Phoenix College (JC)",
    "Pierce College (CA)",
    "Pikeville College",
    "Pitt",
    "Pittsburg St.",
    "Pittsburgh",
    "Pittsburgh-Johnstown",
    "Plymouth St.",
    "Portland",
    "Portland St.",
    "Portland State",
    "Prairie View A&M",
    "Prairie View A&M University",
    "Pratt Community College",
    "Presbyterian",
    "Presbyterian College",
    "Pretoria",
    "Princeton",
    "Principia",
    "Providence",
    "Puget Sound",
    "Purdue",
    "Purdue-Fort Wayne",
    "Queens (Canada)",
    "Queens College",
    "Radford",
    "Randolph-Macon",
    "Redlands",
    "Reedley",
    "Regina",
    "Regis",
    "Rensselaer Polytechnic Institute",
    "Rhode Island",
    "Rhodes",
    "Rice",
    "Rice University",
    "Richmond",
    "Rider",
    "Rider University",
    "Ripon",
    "Riverside",
    "Riverside CC",
    "Riverside Community College",
    "Robert Morris",
    "Robert Morris University (IL)",
    "Robert Morris University (PA)",
    "Rochester",
    "Rockhurst University",
    "Rocky Mountain",
    "Rose Hulman Tech",
    "Rose St.",
    "Rowan",
    "Rust",
    "Rutgers",
    "Rutgers University",
    "Rutgers-Camden",
    "S.F. Austin",
    "SE Missouri St.",
    "SE Missouri State",
    "SE Oklahoma St.",
    "SMU",
    "SW Oklahoma St.",
    "Sacramento CC",
    "Sacramento St.",
    "Sacred Heart",
    "Saddleback College",
    "Saginaw Valley St.",
    "Saint Augustine's College",
    "Saint Francis University",
    "Saint John's (MN)",
    "Saint Joseph's",
    "Saint Louis",
    "Saint Mary of the Plains College",
    "Saint Mary's",
    "Saint Mary's University of Minnesota",
    "Saint Peter's College",
    "Saint Vincent College",
    "Salem",
    "Salem University",
    "Salisbury",
    "Sam Houston St.",
    "Sam Houston State University",
    "Samford",
    "San Bernardino Valley College",
    "San Diego",
    "San Diego City Coll",
    "San Diego St.",
    "San Diego State",
    "San Francisco",
    "San Francisco St.",
    "San Jacinto College",
    "San Jose St.",
    "San Jose State",
    "San Mateo",
    "Santa Clara",
    "Santa Monica College",
    "Santa Monica College (CA)",
    "Santa Rosa JC",
    "Saskatchewan",
    "Savannah St.",
    "Savannah State University",
    "Schreiner College",
    "Schuylkill",
    "Scranton",
    "Seattle",
    "Seattle Pacific University",
    "Seattle University",
    "Seton Hall",
    "Seward County Community College",
    "Shaw",
    "Shepherd",
    "Sherbrooke",
    "Sherman Indian",
    "Shippensburg",
    "Shorter University",
    "Siena College",
    "Simon Fraser",
    "Simpson",
    "Sioux Falls",
    "Slippery Rock",
    "Slippery Rock University of Pennsylvania",
    "Snow College (UT)",
    "Sonoma St.",
    "Sonoma State University",
    "South Alabama",
    "South Carolina",
    "South Carolina St.",
    "South Carolina State",
    "South Dakota",
    "South Dakota St.",
    "South Dakota State",
    "South Florida",
    "South Plains College",
    "Southeastern Illinois College",
    "Southeastern Iowa Community College",
    "Southeastern Louisiana",
    "Southeastern Oklahoma State University",
    "Southeastern University",
    "Southern",
    "Southern Arkansas",
    "Southern Connecticut St.",
    "Southern Illinois",
    "Southern Miss",
    "Southern Oregon",
    "Southern University and A&M College",
    "Southern Utah",
    "Southwest Mississippi CC",
    "Southwestern (KS)",
    "Southwestern (TX)",
    "Southwestern Assemblies of God",
    "Southwestern Christian College",
    "Spring Hill",
    "Springfield",
    "Springfield College",
    "St. Ambrose",
    "St. Anselm",
    "St. Augustine's",
    "St. Bernard",
    "St. Bonaventure",
    "St. Cloud St.",
    "St. Edward's",
    "St. Francis (PA)",
    "St. Francis College",
    "St. Francis Xavier (NS)",
    "St. Gregory's University",
    "St. John's",
    "St. John's (NY)",
    "St. Joseph's (IN)",
    "St. Joseph's (PA)",
    "St. Lawrence",
    "St. Leo",
    "St. Louis",
    "St. Mary's (CA)",
    "St. Mary's (Canada)",
    "St. Mary's (KS)",
    "St. Mary's (MN)",
    "St. Mary's (TX)",
    "St. Mary's University",
    "St. Norbert",
    "St. Olaf",
    "St. Paul's",
    "St. Thomas",
    "St. Thomas University",
    "St. Viator",
    "St. Vincent",
    "Stanford",
    "State College of Florida",
    "State University of New York at Potsdam",
    "Stephen F. Austin",
    "Sterling",
    "Stetson",
    "Stetson University",
    "Stillman",
    "Stony Brook",
    "Stony Brook University",
    "Sul Ross St.",
    "Swarthmore",
    "Syracuse",
    "TCU",
    "Tabor",
    "Taft",
    "Tampa",
    "Tarkio",
    "Tarleton St.",
    "Taylor",
    "Temple",
    "Tennessee",
    "Tennessee St.",
    "Tennessee State",
    "Tennessee Tech",
    "Tennessee Technological University",
    "Tennessee Wesleyan",
    "Texas",
    "Texas A&M",
    "Texas A&M University-Commerce",
    "Texas A&M-Commerce",
    "Texas A&M-Kingsville",
    "Texas Southern",
    "Texas St.",
    "Texas State University",
    "Texas Tech",
    "Texas Wesleyan University",
    "Texas-Arlington",
    "Texas-El Paso",
    "Texas-San Antonio",
    "The Citadel",
    "Thiel",
    "Thomas More College",
    "Three Rivers Community College",
    "Tiffin",
    "Toledo",
    "Toronto",
    "Towson",
    "Towson University",
    "Trenton State University",
    "Trinidad State Junior College",
    "Trinity (CT)",
    "Trinity (IL)",
    "Trinity (TX)",
    "Trinity Valley CC",
    "Trinity Valley CC (TX)",
    "Triton College",
    "Troy",
    "Truman St.",
    "Truman State University",
    "Tufts",
    "Tulane",
    "Tulsa",
    "Tusculum",
    "Tuskegee",
    "Tuskegee University",
    "Tyler JC",
    "Tyler Junior College",
    "U.S. International",
    "UAB",
    "UC Davis",
    "UC Irvine",
    "UC Riverside",
    "UC Santa Barbara",
    "UC-Davis",
    "UCLA",
    "UConn",
    "UMass",
    "UNC",
    "UNC Charlotte",
    "UNC Wilmington",
    "UNLV",
    "USC",
    "USC Upstate",
    "UT Arlington",
    "UT Martin",
    "UW-Milwaukee",
    "Union (KY)",
    "Union (NY)",
    "Union (TN)",
    "United States Military Academy",
    "United States Naval Academy",
    "Univ. of Mary",
    "Univ. of the South",
    "University of Akron",
    "University of Alberta",
    "University of Arkansas at Pine Bluff",
    "University of Arkansas-Fort Smith",
    "University of Baltimore",
    "University of Bridgeport",
    "University of California",
    "University of Central Arkansas",
    "University of Central Oklahoma",
    "University of Charleston",
    "University of Delaware",
    "University of Evansville",
    "University of Great Falls",
    "University of Hartford",
    "University of Illinois at Chicago",
    "University of Indianapolis",
    "University of Maine",
    "University of Maryland Eastern Shore",
    "University of Minnesota Duluth",
    "University of Montevallo",
    "University of Nebraska at Kearney",
    "University of North Dakota",
    "University of North Texas",
    "University of Northern Colorado",
    "University of Northern Iowa",
    "University of Portland",
    "University of Puget Sound",
    "University of Rochester",
    "University of San Diego",
    "University of Scranton",
    "University of South Alabama",
    "University of Southern Colorado",
    "University of Tampa",
    "University of Tennessee at Martin",
    "University of Texas Rio Grande Valley",
    "University of Vermont",
    "University of West Florida",
    "University of Wisconsin-Eau Claire",
    "University of Wisconsin-Parkside",
    "University of Wisconsin-Stevens Point",
    "University of the District of Columbia",
    "University of the Pacific",
    "Upper Iowa",
    "Upper Iowa University",
    "Upsala",
    "Upsala College",
    "Urbana",
    "Ursinus",
    "Utah",
    "Utah St.",
    "Utah State University",
    "Utah Valley",
    "VCU",
    "VMI",
    "Valdosta St.",
    "Valdosta State University",
    "Valencia CC (FL)",
    "Valparaiso",
    "Vanderbilt",
    "Vanier College",
    "Ventura College",
    "Vermont",
    "Villanova",
    "Vincennes University",
    "Virginia",
    "Virginia Commonwealth",
    "Virginia Military Institute",
    "Virginia St.",
    "Virginia Tech",
    "Virginia Union",
    "Virginia Union University",
    "Voorhees College",
    "Wabash",
    "Wagner",
    "Wake Forest",
    "Wake Technical CC",
    "Walla Walla CC (WA)",
    "Walla Walla Community College",
    "Walsh University",
    "Washburn",
    "Washington",
    "Washington & Jefferson",
    "Washington & Jefferson College",
    "Washington & Lee",
    "Washington (MD)",
    "Washington (MO)",
    "Washington St.",
    "Washington State",
    "Washington University in Saint Louis",
    "Wayne State (MI)",
    "Wayne State (NE)",
    "Wayne State University",
    "Waynesburg",
    "Webber International",
    "Weber St.",
    "Weber State",
    "Wenatchee Valley College",
    "Wesley",
    "Wesleyan",
    "West Alabama",
    "West Burlington Campus",
    "West Chester",
    "West Florida",
    "West Georgia",
    "West Hills-Coalinga",
    "West Liberty St.",
    "West Los Angeles College",
    "West Texas A&M",
    "West Texas A&M University",
    "West Virginia",
    "West Virginia St.",
    "West Virginia State University",
    "West Virginia Tech",
    "West Virginia Wesleyan",
    "West Virginia Wesleyan College",
    "Westchester CC",
    "Western Carolina",
    "Western Carolina University",
    "Western Illinois",
    "Western Illinois University",
    "Western Kentucky",
    "Western Maryland",
    "Western Michigan",
    "Western Montana",
    "Western Nebraska CC",
    "Western New Mexico",
    "Western Ontario",
    "Western Oregon",
    "Western St. (CO)",
    "Western Texas College",
    "Western Washington",
    "Westminster (MO)",
    "Westminster (PA)",
    "Westminster (UT)",
    "Westminster College of Pennsylvania",
    "Westminster College of Utah",
    "Wharton County Junior College",
    "Wheaton",
    "Wheaton College",
    "Wheeling University",
    "Whittier",
    "Whitworth",
    "Wichita St.",
    "Wichita State",
    "Widener",
    "Wilberforce University",
    "Wiley",
    "Wilfrid Laurier",
    "Willamette",
    "William & Mary",
    "William Jewell",
    "William Paterson",
    "William Paterson University",
    "William Penn",
    "Williams",
    "Wilmington",
    "Wingate",
    "Wingate University",
    "Winona St.",
    "Winston-Salem St.",
    "Winston-Salem State",
    "Winthrop University",
    "Wisconsin",
    "Wisconsin-River Falls",
    "Wisconsin\u00e2\u0080\u0093Eau Claire",
    "Wisconsin\u00e2\u0080\u0093LaCrosse",
    "Wisconsin\u00e2\u0080\u0093Milwaukee",
    "Wisconsin\u00e2\u0080\u0093Oshkosh",
    "Wisconsin\u00e2\u0080\u0093Platteville",
    "Wisconsin\u00e2\u0080\u0093River Falls",
    "Wisconsin\u00e2\u0080\u0093Stevens Point",
    "Wisconsin\u00e2\u0080\u0093Stout",
    "Wisconsin\u00e2\u0080\u0093Superior",
    "Wisconsin\u00e2\u0080\u0093Whitewater",
    "Wittenberg",
    "Wofford",
    "Wofford College",
    "Wooster",
    "Worcester St.",
    "Wright State University",
    "Wyoming",
    "Xavier",
    "Xavier (OH)",
    "Xavier University of Louisiana",
    "Yakima Valley Community College",
    "Yale",
    "Yankton",
    "Yankton College",
    "York",
    "Youngstown St.",
    "Youngstown State University"
  ]
}