{
  "asa col (fl)": [
    "ASA College (FL)"
  ],
  "abilene christian": [
    "Abilene Christian"
  ],
  "acadia (canada)": [
    "Acadia (Canada)",
    "Acadia University"
  ],
  "adams st": [
    "Adams St."
  ],
  "air force": [
    "Air Force"
  ],
  "akron": [
    "Akron",
    "University of Akron"
  ],
  "alabama": [
    "Alabama"
  ],
  "alabama a&m": [
    "Alabama A&M",
    "Alabama A&M University"
  ],
  "alabama st": [
    "Alabama St.",
    "Alabama State University"
  ],
  "alabama huntsville": [
    "Alabama-Huntsville"
  ],
  "albany (ny)": [
    "Albany (NY)"
  ],
  "albany st (ga)": [
    "Albany State (GA)",
    "Albany State University"
  ],
  "albion": [
    "Albion"
  ],
  "albright": [
    "Albright"
  ],
  "alcorn st": [
    "Alcorn St.",
    "Alcorn State"
  ],
  "alfred": [
    "Alfred"
  ],
  "allan hancock col": [
    "Allan Hancock College"
  ],
  "allegany col maryland": [
    "Allegany College of Maryland"
  ],
  "allegheny": [
    "Allegheny"
  ],
  "allen": [
    "Allen"
  ],
  "allentown col": [
    "Allentown College"
  ],
  "alliance col": [
    "Alliance College"
  ],
  "alma": [
    "Alma"
  ],
  "amarillo col": [
    "Amarillo College"
  ],
  "american col physical education": [
    "American College of Physical Education"
  ],
  "american int": [
    "American International College",
    "American Int."
  ],
  "american": [
    "American University"
  ],
  "amherst": [
    "Amherst"
  ],
  "anahuac (mexico)": [
    "Anahuac (Mexico)"
  ],
  "anderson (IN)": [
    "Anderson (IN)"
  ],
  "angelo st (tx)": [
    "Angelo State (TX)"
  ],
  "antelope valley jc": [
    "Antelope Valley JC"
  ],
  "appalachian st": [
    "Appalachian St.",
    "Appalachian State University"
  ],
  "apprentice": [
    "Apprentice"
  ],
  "arizona": [
    "Arizona"
  ],
  "arizona st": [
    "Arizona St.",
    "Arizona State"
  ],
  "arizona western": [
    "Arizona Western",
    "Arizona Western College"
  ],
  "ark pine bluff": [
    "Ark-Pine Bluff",
    "University of Arkansas at Pine Bluff"
  ],
  "arkansas": [
    "Arkansas"
  ],
  "arkansas st": [
    "Arkansas St.",
    "Arkansas State University"
  ],
  "arkansas tech": [
    "Arkansas Tech"
  ],
  "arkansas monticello": [
    "Arkansas-Monticello"
  ],
  "army": [
    "Army",
    "United States Military Academy"
  ],
  "arnold": [
    "Arnold"
  ],
  "ashland": [
    "Ashland",
    "Ashland University"
  ],
  "assumption": [
    "Assumption",
    "Assumption University",
    "Assumption College"
  ],
  "auburn": [
    "Auburn"
  ],
  "auburn montgomery": [
    "Auburn University at Montgomery"
  ],
  "augsburg": [
    "Augsburg"
  ],
  "augsburg col": [
    "Augsburg College"
  ],
  "augusta st (ga)": [
    "Augusta State (GA)",
    "Augusta State University"
  ],
  "augustana (il)": [
    "Augustana (IL)"
  ],
  "augustana (sd)": [
    "Augustana (SD)",
    "Augustana College (SD)"
  ],
  "aurora": [
    "Aurora",
    "Aurora University"
  ],
  "austin": [
    "Austin"
  ],
  "austin peay st": [
    "Austin Peay St.",
    "Austin Peay State University"
  ],
  "austria technical": [
    "Austria Technical"
  ],
  "averett": [
    "Averett University"
  ],
  "azusa pacific": [
    "Azusa Pacific",
    "Azusa Pacific University"
  ],
  "byu": [
    "BYU"
  ],
  "baker": [
    "Baker"
  ],
  "bakersfield jc": [
    "Bakersfield JC"
  ],
  "baldwin wallace": [
    "Baldwin Wallace"
  ],
  "ball st": [
    "Ball St.",
    "Ball State University"
  ],
  "barton": [
    "Barton"
  ],
  "barton county community col": [
    "Barton County Community College"
  ],
  "bates": [
    "Bates"
  ],
  "baylor": [
    "Baylor"
  ],
  "belgrade": [
    "Belgrade"
  ],
  "belhaven": [
    "Belhaven"
  ],
  "belmont": [
    "Belmont"
  ],
  "belmont abbey col": [
    "Belmont Abbey College"
  ],
  "beloit": [
    "Beloit",
    "Beloit College"
  ],
  "bemidji st": [
    "Bemidji St.",
    "Bemidji State University"
  ],
  "benedict col": [
    "Benedict College"
  ],
  "benedictine": [
    "Benedictine"
  ],
  "bentley col": [
    "Bentley College"
  ],
  "berry": [
    "Berry"
  ],
  "bethany (ks)": [
    "Bethany (KS)"
  ],
  "bethany (wv)": [
    "Bethany (WV)"
  ],
  "bethel col": [
    "Bethel College"
  ],
  "bethune cookman": [
    "Bethune-Cookman",
    "Bethune-Cookman College"
  ],
  "billings": [
    "Billings"
  ],
  "birmingham southern": [
    "Birmingham-Southern"
  ],
  "bishop": [
    "Bishop"
  ],
  "black hills st": [
    "Black Hills St."
  ],
  "blinn col": [
    "Blinn College",
    "Blinn College (TX)"
  ],
  "bliss": [
    "Bliss"
  ],
  "bloomsburg": [
    "Bloomsburg",
    "Bloomsburg University of Pennsylvania"
  ],
  "bluffton": [
    "Bluffton"
  ],
  "boise st": [
    "Boise St.",
    "Boise State"
  ],
  "boston col": [
    "Boston Col.",
    "Boston College"
  ],
  "boston": [
    "Boston Univ.",
    "Boston University"
  ],
  "bowie st": [
    "Bowie St."
  ],
  "bowling green": [
    "Bowling Green"
  ],
  "bradley": [
    "Bradley"
  ],
  "brandeis": [
    "Brandeis"
  ],
  "brandywine junior col": [
    "Brandywine Junior College"
  ],
  "bridgeport": [
    "Bridgeport",
    "University of Bridgeport"
  ],
  "brigham young hawaii": [
    "Brigham Young University Hawaii"
  ],
  "british columbia": [
    "British Columbia"
  ],
  "brockport st": [
    "Brockport St."
  ],
  "brooklyn": [
    "Brooklyn",
    "Brooklyn College"
  ],
  "brown": [
    "Brown",
    "Brown University"
  ],
  "brown mackie col": [
    "Brown Mackie College"
  ],
  "bryant": [
    "Bryant"
  ],
  "bucknell": [
    "Bucknell"
  ],
  "buena vista": [
    "Buena Vista"
  ],
  "buffalo": [
    "Buffalo"
  ],
  "buffalo st": [
    "Buffalo State"
  ],
  "butler": [
    "Butler"
  ],
  "butler (ks)": [
    "Butler (KS)"
  ],
  "butler county community col": [
    "Butler County Community College"
  ],
  "butte jc (ca)": [
    "Butte JC (CA)"
  ],
  "cw post": [
    "C.W. Post"
  ],
  "ccny": [
    "CCNY"
  ],
  "cal poly": [
    "Cal Poly"
  ],
  "cal poly pomona": [
    "Cal Poly Pomona",
    "Cal Poly-Pomona"
  ],
  "cal poly san luis obispo": [
    "Cal Poly-San Luis Obispo"
  ],
  "cal st fullerton": [
    "Cal State Fullerton",
    "Cal State-Fullerton"
  ],
  "cal st long beach": [
    "Cal State Long Beach"
  ],
  "cal st northridge": [
    "Cal State Northridge",
    "Cal State-Northridge"
  ],
  "cal st san bernardino": [
    "Cal State San Bernardino"
  ],
  "cal st bakersfield": [
    "Cal State-Bakersfield"
  ],
  "cal st chico": [
    "Cal State-Chico"
  ],
  "cal st hayward": [
    "Cal State-Hayward"
  ],
  "calgary": [
    "Calgary"
  ],
  "california": [
    "California",
    "University of California"
  ],
  "california (pa)": [
    "California (PA)",
    "California University of Pennslyvania"
  ],
  "california lutheran": [
    "California Lutheran"
  ],
  "california st": [
    "California State University"
  ],
  "california western": [
    "California Western",
    "California Western Uiversity"
  ],
  "cameron": [
    "Cameron",
    "Cameron University"
  ],
  "campbell": [
    "Campbell"
  ],
  "campion": [
    "Campion"
  ],
  "canisius": [
    "Canisius"
  ],
  "carleton": [
    "Carleton"
  ],
  "carleton col": [
    "Carleton College"
  ],
  "carlisle indian": [
    "Carlisle Indian"
  ],
  "carnegie mellon": [
    "Carnegie Mellon"
  ],
  "carroll (mt)": [
    "Carroll (MT)"
  ],
  "carroll (wi)": [
    "Carroll (WI)"
  ],
  "carson newman": [
    "Carson-Newman"
  ],
  "carthage": [
    "Carthage"
  ],
  "case western reserve": [
    "Case Western Reserve",
    "Case Western Reserve University"
  ],
  "casper col": [
    "Casper College"
  ],
  "catawba": [
    "Catawba"
  ],
  "catholic": [
    "Catholic",
    "Catholic University of America"
  ],
  "centenary": [
    "Centenary (LA)",
    "Centenary"
  ],
  "central arkansas": [
    "Central Arkansas",
    "University of Central Arkansas"
  ],
  "central col (ia)": [
    "Central College (IA)"
  ],
  "central connecticut st": [
    "Central Connecticut St.",
    "Central Connecticut State University"
  ],
  "central florida": [
    "Central Florida"
  ],
  "central florida cc": [
    "Central Florida CC"
  ],
  "central michigan": [
    "Central Michigan",
    "Central Michigan University"
  ],
  "central missouri st": [
    "Central Missouri St.",
    "Central Missouri State University"
  ],
  "central oklahoma": [
    "Central Oklahoma",
    "University of Central Oklahoma"
  ],
  "central st (oh)": [
    "Central State (OH)",
    "Central State University"
  ],
  "central washington": [
    "Central Washington"
  ],
  "centre": [
    "Centre"
  ],
  "cerritos (ca)": [
    "Cerritos (CA)",
    "Cerritos College"
  ],
  "chabot": [
    "Chabot"
  ],
  "chadron st": [
    "Chadron St."
  ],
  "chapman": [
    "Chapman"
  ],
  "charleston southern": [
    "Charleston Southern"
  ],
  "chattanooga": [
    "Chattanooga"
  ],
  "cheyney": [
    "Cheyney"
  ],
  "cheyney (pa)": [
    "Cheyney (PA)"
  ],
  "chicago": [
    "Chicago"
  ],
  "chicago st": [
    "Chicago State"
  ],
  "chipola col": [
    "Chipola College"
  ],
  "chowan": [
    "Chowan"
  ],
  "christian brothers (mo)": [
    "Christian Brothers (MO)"
  ],
  "christopher newport": [
    "Christopher Newport University"
  ],
  "cincinnati": [
    "Cincinnati"
  ],
  "cisco (tx)": [
    "Cisco (TX)"
  ],
  "city col new york": [
    "City College of New York"
  ],
  "city col san francisco": [
    "City College of San Francisco"
  ],
  "clarinda campus": [
    "Clarinda Campus"
  ],
  "clarion": [
    "Clarion"
  ],
  "clark (ga)": [
    "Clark Atlanta University",
    "Clark (GA)"
  ],
  "clarkson": [
    "Clarkson"
  ],
  "clemson": [
    "Clemson"
  ],
  "cleveland st": [
    "Cleveland State University"
  ],
  "clinch valley": [
    "Clinch Valley"
  ],
  "coast guard": [
    "Coast Guard"
  ],
  "coastal carolina": [
    "Coastal Carolina"
  ],
  "cochise community col": [
    "Cochise Community College"
  ],
  "coe col": [
    "Coe College"
  ],
  "coffeyville cc": [
    "Coffeyville CC"
  ],
  "col sequoias": [
    "Col. of the Sequoias"
  ],
  "colgate": [
    "Colgate"
  ],
  "college charleston": [
    "College of Charleston"
  ],
  "college idaho": [
    "College of Idaho",
    "Col. of Idaho"
  ],
  "college marin": [
    "College of Marin"
  ],
  "college saint rose": [
    "College of Saint Rose"
  ],
  "college southern idaho": [
    "College of Southern Idaho"
  ],
  "college wooster": [
    "College of Wooster",
    "Wooster"
  ],
  "college canyons (ca)": [
    "College of the Canyons (CA)"
  ],
  "college redwoods": [
    "College of the Redwoods"
  ],
  "colorado": [
    "Colorado"
  ],
  "colorado col": [
    "Colorado Col."
  ],
  "colorado mesa": [
    "Colorado Mesa"
  ],
  "colorado mines": [
    "Colorado Mines"
  ],
  "colorado st": [
    "Colorado St.",
    "Colorado State"
  ],
  "colorado st pueblo": [
    "Colorado State-Pueblo"
  ],
  "colorado colorado springs": [
    "Colorado-Colorado Springs"
  ],
  "columbia": [
    "Columbia",
    "Columbia University"
  ],
  "columbia basin col": [
    "Columbia Basin College"
  ],
  "compton cc (ca)": [
    "Compton CC (CA)"
  ],
  "concordia (il)": [
    "Concordia (IL)"
  ],
  "concordia (ne)": [
    "Concordia (NE)"
  ],
  "concordia (qb)": [
    "Concordia (QB)"
  ],
  "concordia (wi)": [
    "Concordia (WI)"
  ],
  "concordia moorhead (mn)": [
    "Concordia-Moorhead (MN)"
  ],
  "concordia stpaul (mn)": [
    "Concordia-St.Paul (MN)"
  ],
  "connors st col": [
    "Connors State College"
  ],
  "contra costa jc": [
    "Contra Costa JC"
  ],
  "copiah lincoln cc": [
    "Copiah-Lincoln CC"
  ],
  "coppin st": [
    "Coppin State University"
  ],
  "cornell": [
    "Cornell"
  ],
  "cornell col": [
    "Cornell Col."
  ],
  "corpus christi": [
    "Corpus Christi"
  ],
  "cortland st": [
    "Cortland St."
  ],
  "creighton": [
    "Creighton"
  ],
  "culver stockton": [
    "Culver-Stockton",
    "Culver-Stockton College"
  ],
  "cumberlands": [
    "Cumberlands"
  ],
  "cuyahoga community col": [
    "Cuyahoga Community College"
  ],
  "cypress col": [
    "Cypress College"
  ],
  "dakota wesleyan": [
    "Dakota Wesleyan",
    "Dakota Wesleyan University"
  ],
  "dana": [
    "Dana"
  ],
  "dartmouth": [
    "Dartmouth",
    "Dartmouth College"
  ],
  "davidson": [
    "Davidson"
  ],
  "davis & elkins": [
    "Davis & Elkins",
     "Davis & Elkins College"
  ],
  "dayton": [
    "Dayton"
  ],
  "depaul": [
    "DePaul"
  ],
  "depauw": [
    "DePauw",
    "DePauw University"
  ],
  "deakin (australia)": [
    "Deakin (Australia)"
  ],
  "defiance": [
    "Defiance"
  ],
  "delaware": [
    "Delaware",
    "University of Delaware"
  ],
  "delaware st": [
    "Delaware St.",
    "Delaware State University"
  ],
  "delaware valley": [
    "Delaware Valley"
  ],
  "delta col": [
    "Delta College"
  ],
  "delta st": [
    "Delta St.",
    "Delta State University"
  ],
  "denison": [
    "Denison"
  ],
  "denver": [
    "Denver"
  ],
  "detroit mercy": [
    "Detroit Mercy"
  ],
  "detroit tech": [
    "Detroit Tech"
  ],
  "diablo valley col": [
    "Diablo Valley College"
  ],
  "dickinson": [
    "Dickinson"
  ],
  "dillard": [
    "Dillard University"
  ],
  "dixie st (ut)": [
    "Dixie State (UT)"
  ],
  "doane": [
    "Doane"
  ],
  "dodge city (ks)": [
    "Dodge City (KS)",
    "Dodge City Community College"
  ],
  "drake": [
    "Drake",
    "Drake University"
  ],
  "drexel": [
    "Drexel"
  ],
  "dupage (il)": [
    "DuPage (IL)"
  ],
  "dubuque": [
    "Dubuque"
  ],
  "duke": [
    "Duke"
  ],
  "duquesne": [
    "Duquesne"
  ],
  "earlham": [
    "Earlham"
  ],
  "east carolina": [
    "East Carolina",
    "East Carolina University"
  ],
  "east central (ok)": [
    "East Central (OK)",
    "East Central University"
  ],
  "east central cc (ms)": [
    "East Central CC (MS)"
  ],
  "east mississippi cc": [
    "East Mississippi CC"
  ],
  "east stroudsburg": [
    "East Stroudsburg"
  ],
  "east tennessee st": [
    "East Tennessee St.",
    "East Tennessee State University"
  ],
  "eastern arizona": [
    "Eastern Arizona",
    "Eastern Arizona College"
  ],
  "eastern illinois": [
    "Eastern Illinois",
    "Eastern Illinois University"
  ],
  "eastern kentucky": [
    "Eastern Kentucky",
    "Eastern Kentucky University"
  ],
  "eastern michigan": [
    "Eastern Michigan"
  ],
  "eastern montana": [
    "Eastern Montana"
  ],
  "eastern new mexico": [
    "Eastern New Mexico",
    "Eastern New Mexico University"
  ],
  "eastern oklahoma st col": [
    "Eastern Oklahoma State College"
  ],
  "eastern oregon": [
    "Eastern Oregon"
  ],
  "eastern washington": [
    "Eastern Washington"
  ],
  "edinboro": [
    "Edinboro"
  ],
  "edward waters": [
    "Edward Waters"
  ],
  "el camino col (ca)": [
    "El Camino Col. (CA)"
  ],
  "elizabeth city st": [
    "Elizabeth City St.",
    "Elizabeth City State University"
  ],
  "elmhurst": [
    "Elmhurst"
  ],
  "elon": [
    "Elon",
    "Elon University"
  ],
  "emporia st": [
    "Emporia St.",
    "Col. of Emporia"
  ],
  "evangel (mo)": [
    "Evangel (MO)"
  ],
  "evansville": [
    "Evansville",
    "University of Evansville"
  ],
  "fairfield": [
    "Fairfield"
  ],
  "fairmont st": [
    "Fairmont St."
  ],
  "fayetteville st": [
    "Fayetteville St.",
    "Fayetteville State University"
  ],
  "ferris st": [
    "Ferris St."
  ],
  "ferrum": [
    "Ferrum"
  ],
  "findlay": [
    "Findlay"
  ],
  "fisk": [
    "Fisk"
  ],
  "flagler": [
    "Flagler"
  ],
  "florida": [
    "Florida"
  ],
  "florida a&m": [
    "Florida A&M"
  ],
  "florida atlantic": [
    "Florida Atlantic"
  ],
  "florida gulf coast": [
    "Florida Gulf Coast"
  ],
  "florida international": [
    "Florida International",
    "Florida International University"
  ],
  "florida southwestern st col": [
    "Florida SouthWestern State College"
  ],
  "florida st": [
    "Florida St.",
    "Florida State"
  ],
  "florida tech": [
    "Florida Tech"
  ],
  "fordham": [
    "Fordham"
  ],
  "fort hays st": [
    "Fort Hays St."
  ],
  "fort lewis": [
    "Fort Lewis"
  ],
  "fort scott (ks)": [
    "Fort Scott (KS)"
  ],
  "fort valley st": [
    "Fort Valley St.",
    "Fort Valley State University"
  ],
  "fort worth community col": [
    "Fort Worth Community College"
  ],
  "framingham st": [
    "Framingham St."
  ],
  "frank phillips col": [
    "Frank Phillips College"
  ],
  "franklin & marshall": [
    "Franklin & Marshall"
  ],
  "franklin (IN)": [
    "Franklin (IN)",
    "Franklin College"
  ],
  "frederick col": [
    "Frederick College"
  ],
  "fresno st": [
    "Fresno St.",
    "Fresno State"
  ],
  "friends": [
    "Friends"
  ],
  "friendship junior col": [
    "Friendship Junior College"
  ],
  "frostburg st": [
    "Frostburg St."
  ],
  "fullerton jc": [
    "Fullerton JC"
  ],
  "furman": [
    "Furman",
    "Furman University"
  ],
  "gannon": [
    "Gannon University"
  ],
  "garden city (ks)": [
    "Garden City (KS)"
  ],
  "gardner webb": [
    "Gardner-Webb",
    "Gardner-Webb University"
  ],
  "gavilan col": [
    "Gavilan College"
  ],
  "general motors institute": [
    "General Motors Institute"
  ],
  "geneseo st": [
    "Geneseo St."
  ],
  "geneva": [
    "Geneva"
  ],
  "george fox": [
    "George Fox"
  ],
  "george mason": [
    "George Mason"
  ],
  "george washington": [
    "George Washington"
  ],
  "georgetown": [
    "Georgetown",
    "Georgetown (DC)"
  ],
  "georgetown (ky)": [
    "Georgetown (KY)"
  ],
  "georgia": [
    "Georgia"
  ],
  "georgia military": [
    "Georgia Military"
  ],
  "georgia southern": [
    "Georgia Southern",
    "Georgia Southern University"
  ],
  "georgia st": [
    "Georgia St.",
    "Georgia State University"
  ],
  "georgia tech": [
    "Georgia Tech"
  ],
  "gettysburg": [
    "Gettysburg"
  ],
  "golden west": [
    "Golden West"
  ],
  "gonzaga": [
    "Gonzaga"
  ],
  "graceland col (ia)": [
    "Graceland College (IA)"
  ],
  "grambling st": [
    "Grambling St.",
    "Grambling State University"
  ],
  "grand canyon": [
    "Grand Canyon University"
  ],
  "grand valley st": [
    "Grand Valley St."
  ],
  "grand view": [
    "Grand View"
  ],
  "green bay": [
    "Green Bay"
  ],
  "greenville": [
    "Greenville"
  ],
  "grinnell": [
    "Grinnell"
  ],
  "grossmont col (ca)": [
    "Grossmont College (CA)"
  ],
  "grove city": [
    "Grove City"
  ],
  "guelph": [
    "Guelph"
  ],
  "guilford": [
    "Guilford",
    "Guilford College"
  ],
  "gustavus adolphus": [
    "Gustavus Adolphus"
  ],
  "hamline": [
    "Hamline",
    "Hamline University"
  ],
  "hampden sydney": [
    "Hampden-Sydney"
  ],
  "hampton": [
    "Hampton"
  ],
  "hanover col": [
    "Hanover College"
  ],
  "harbor col": [
    "Harbor College"
  ],
  "hardin simmons": [
    "Hardin-Simmons",
    "Hardin-Simmons University"
  ],
  "harding": [
    "Harding"
  ],
  "hartnell": [
    "Hartnell"
  ],
  "harvard": [
    "Harvard",
    "Harvard University"
  ],
  "haskell indian": [
    "Haskell Indian"
  ],
  "hastings": [
    "Hastings",
    "Hastings College"
  ],
  "hawaii": [
    "Hawaii"
  ],
  "heidelberg": [
    "Heidelberg"
  ],
  "henderson st": [
    "Henderson St."
  ],
  "hibbing cc (mn)": [
    "Hibbing CC (MN)",
    "Hibbing Community College"
  ],
  "high point": [
    "High Point University"
  ],
  "highland (ks)": [
    "Highland (KS)"
  ],
  "highline": [
    "Highline"
  ],
  "hill col": [
    "Hill College"
  ],
  "hillsdale": [
    "Hillsdale",
    "Hillsdale College"
  ],
  "hinds cc": [
    "Hinds CC"
  ],
  "hiram": [
    "Hiram",
    "Hiram College"
  ],
  "hiram scott col": [
    "Hiram Scott College"
  ],
  "hobart": [
    "Hobart"
  ],
  "hofstra": [
    "Hofstra"
  ],
  "holmes (ms)": [
    "Holmes (MS)"
  ],
  "holy cross": [
    "Holy Cross"
  ],
  "holy cross (IN)": [
    "Holy Cross (IN)"
  ],
  "houston": [
    "Houston"
  ],
  "houston baptist": [
    "Houston Baptist University"
  ],
  "houston christian": [
    "Houston Christian"
  ],
  "howard": [
    "Howard",
    "Howard University"
  ],
  "howard col": [
    "Howard College"
  ],
  "howard payne": [
    "Howard Payne"
  ],
  "humboldt st": [
    "Humboldt St.",
    "Humboldt State University"
  ],
  "huntington": [
    "Huntington University"
  ],
  "hutchinson (ks)": [
    "Hutchinson (KS)"
  ],
  "itesm monterey": [
    "ITESM Monterey"
  ],
  "iupui": [
    "IUPUI"
  ],
  "idaho": [
    "Idaho"
  ],
  "idaho st": [
    "Idaho St.",
    "Idaho State University"
  ],
  "illinois": [
    "Illinois"
  ],
  "illinois benedictine": [
    "Illinois Benedictine"
  ],
  "illinois st": [
    "Illinois St.",
    "Illinois State"
  ],
  "illinois tech": [
    "Illinois Tech"
  ],
  "illinois wesleyan": [
    "Illinois Wesleyan",
    "Illinois Wesleyan University"
  ],
  "imperial valley col": [
    "Imperial Valley College"
  ],
  "incarnate word": [
    "Incarnate Word"
  ],
  "independence (ks)": [
    "Independence (KS)"
  ],
  "indian hills community col": [
    "Indian Hills Community College"
  ],
  "indiana": [
    "Indiana"
  ],
  "indiana (pa)": [
    "Indiana (PA)"
  ],
  "indiana st": [
    "Indiana St.",
    "Indiana State University"
  ],
  "indianapolis": [
    "Indianapolis",
    "University of Indianapolis"
  ],
  "iona": [
    "Iona",
    "Iona College"
  ],
  "iowa": [
    "Iowa"
  ],
  "iowa central": [
    "Iowa Central"
  ],
  "iowa st": [
    "Iowa St.",
    "Iowa State"
  ],
  "iowa wesleyan": [
    "Iowa Wesleyan"
  ],
  "iowa western": [
    "Iowa Western Community College",
    "Iowa Western"
  ],
  "irvine valley col": [
    "Irvine Valley College"
  ],
  "itawamba (ms)": [
    "Itawamba (MS)"
  ],
  "ithaca": [
    "Ithaca"
  ],
  "jackson st": [
    "Jackson St.",
    "Jackson State University"
  ],
  "jacksonville": [
    "Jacksonville",
    "Jacksonville University"
  ],
  "jacksonville col": [
    "Jacksonville College"
  ],
  "jacksonville st": [
    "Jacksonville St.",
    "Jacksonville State University"
  ],
  "james madison": [
    "James Madison",
    "James Madison University"
  ],
  "jamestown": [
    "Jamestown"
  ],
  "jefferson": [
    "Jefferson"
  ],
  "john a logan col": [
    "John A. Logan College"
  ],
  "john carroll": [
    "John Carroll"
  ],
  "johnson c smith": [
    "Johnson C. Smith",
    "Johnson C. Smith University"
  ],
  "kalamazoo": [
    "Kalamazoo"
  ],
  "kansas": [
    "Kansas"
  ],
  "kansas st": [
    "Kansas St.",
    "Kansas State"
  ],
  "kennesaw st": [
    "Kennesaw St."
  ],
  "kent st": [
    "Kent St.",
    "Kent State University"
  ],
  "kentucky": [
    "Kentucky"
  ],
  "kentucky st": [
    "Kentucky St.",
    "Kentucky State University"
  ],
  "kentucky wesleyan": [
    "Kentucky Wesleyan",
    "Kentucky Wesleyan College"
  ],
  "kenyon": [
    "Kenyon",
    "Kenyon College"
  ],
  "kilgore col": [
    "Kilgore College"
  ],
  "king alfred's (england)": [
    "King Alfred's (England)"
  ],
  "king's col": [
    "King's College"
  ],
  "knox": [
    "Knox"
  ],
  "knoxville": [
    "Knoxville"
  ],
  "kutztown (pa)": [
    "Kutztown (PA)"
  ],
  "lsu": [
    "LSU"
  ],
  "la salle": [
    "La Salle"
  ],
  "la verne": [
    "La Verne"
  ],
  "labette community col": [
    "Labette Community College"
  ],
  "lackawanna": [
    "Lackawanna"
  ],
  "lafayette": [
    "Lafayette"
  ],
  "lake forest": [
    "Lake Forest"
  ],
  "lakeland": [
    "Lakeland"
  ],
  "lamar": [
    "Lamar"
  ],
  "lambuth": [
    "Lambuth"
  ],
  "lane": [
    "Lane"
  ],
  "laney": [
    "Laney"
  ],
  "langston": [
    "Langston"
  ],
  "laval": [
    "Laval"
  ],
  "lawrence": [
    "Lawrence"
  ],
  "lawrence technological": [
    "Lawrence Technological University"
  ],
  "lemoyne col": [
    "LeMoyne College"
  ],
  "lemoyne owen col": [
    "LeMoyne-Owen College"
  ],
  "lebanon valley": [
    "Lebanon Valley",
    "Lebanon Valley College"
  ],
  "lee col": [
    "Lee College"
  ],
  "lehigh": [
    "Lehigh"
  ],
  "lenoir rhyne": [
    "Lenoir-Rhyne"
  ],
  "lewis & clark": [
    "Lewis & Clark"
  ],
  "lewis (il)": [
    "Lewis (IL)"
  ],
  "liberty": [
    "Liberty"
  ],
  "limestone": [
    "Limestone"
  ],
  "lincoln (mo)": [
    "Lincoln (MO)",
    "Lincoln University of Missouri"
  ],
  "lincoln col": [
    "Lincoln Col."
  ],
  "lincoln memorial": [
    "Lincoln Memorial"
  ],
  "lindenwood": [
    "Lindenwood"
  ],
  "linfield": [
    "Linfield"
  ],
  "lipscomb": [
    "Lipscomb"
  ],
  "little rock": [
    "Little Rock"
  ],
  "livingstone": [
    "Livingstone"
  ],
  "lock haven": [
    "Lock Haven"
  ],
  "lombard": [
    "Lombard"
  ],
  "lon morris col": [
    "Lon Morris College"
  ],
  "long beach cc": [
    "Long Beach City College",
    "Long Beach CC"
  ],
  "long beach st": [
    "Long Beach St."
  ],
  "long island": [
    "Long Island",
    "Long Island University"
  ],
  "longwood": [
    "Longwood University"
  ],
  "loras": [
    "Loras"
  ],
  "los angeles cc": [
    "Los Angeles CC"
  ],
  "los angeles st": [
    "Los Angeles St."
  ],
  "los angeles valley": [
    "Los Angeles Valley"
  ],
  "louisburg": [
    "Louisburg"
  ],
  "louisiana": [
    "Louisiana"
  ],
  "louisiana col": [
    "Louisiana College"
  ],
  "louisiana tech": [
    "Louisiana Tech"
  ],
  "louisville": [
    "Louisville"
  ],
  "loyola (la)": [
    "Loyola (LA)"
  ],
  "loyola (md)": [
    "Loyola (MD)"
  ],
  "loyola marymount": [
    "Loyola Marymount"
  ],
  "luther": [
    "Luther"
  ],
  "md eastern shore": [
    "MD-Eastern Shore",
    "University of Maryland Eastern Shore"
  ],
  "macmurray": [
    "MacMurray"
  ],
  "macalester": [
    "Macalester"
  ],
  "maine": [
    "Maine",
    "University of Maine"
  ],
  "malone": [
    "Malone"
  ],
  "manatee sarasota": [
    "Manatee-Sarasota"
  ],
  "manchester": [
    "Manchester"
  ],
  "manhattan": [
    "Manhattan",
    "Manhattan University"
  ],
  "manitoba": [
    "Manitoba"
  ],
  "marian": [
    "Marian"
  ],
  "marietta": [
    "Marietta"
  ],
  "marion military institute": [
    "Marion Military Institute"
  ],
  "marist": [
    "Marist",
    "Marist College"
  ],
  "marquette": [
    "Marquette"
  ],
  "mars hill": [
    "Mars Hill"
  ],
  "marshall": [
    "Marshall"
  ],
  "mary hardin baylor": [
    "Mary Hardin-Baylor"
  ],
  "maryland": [
    "Maryland"
  ],
  "master's col": [
    "Master's College"
  ],
  "mcgill": [
    "McGill"
  ],
  "mckendree": [
    "McKendree University"
  ],
  "mcmurry": [
    "McMurry"
  ],
  "mcneese st": [
    "McNeese St.",
    "McNeese State University"
  ],
  "mcpherson": [
    "McPherson"
  ],
  "memphis": [
    "Memphis"
  ],
  "menlo": [
    "Menlo"
  ],
  "merced col": [
    "Merced College"
  ],
  "mercer": [
    "Mercer",
    "Mercer University"
  ],
  "merchant marine": [
    "Merchant Marine"
  ],
  "mercyhurst": [
    "Mercyhurst"
  ],
  "meridian community col": [
    "Meridian Community College"
  ],
  "metro st": [
    "Metro State"
  ],
  "miami (fl)": [
    "Miami (FL)"
  ],
  "miami (oh)": [
    "Miami (OH)",
    "Miami University"
  ],
  "michigan": [
    "Michigan"
  ],
  "michigan st": [
    "Michigan St.",
    "Michigan State"
  ],
  "michigan tech": [
    "Michigan Tech"
  ],
  "midamerica nazarene": [
    "MidAmerica Nazarene University"
  ],
  "middle tenn st": [
    "Middle Tenn. St.",
    "Middle Tennessee"
  ],
  "middlebury": [
    "Middlebury"
  ],
  "midland col": [
    "Midland College"
  ],
  "midwestern st": [
    "Midwestern St.",
    "Midwestern State University"
  ],
  "miles": [
    "Miles",
    "Miles College"
  ],
  "millersville": [
    "Millersville"
  ],
  "millikin": [
    "Millikin"
  ],
  "millsaps": [
    "Millsaps",
    "Millsaps College"
  ],
  "milton": [
    "Milton"
  ],
  "mineral area col": [
    "Mineral Area College"
  ],
  "minnesota": [
    "Minnesota"
  ],
  "minnesota st": [
    "Minnesota St."
  ],
  "minnesota crookston": [
    "Minnesota-Crookston"
  ],
  "minnesota duluth": [
    "Minnesota-Duluth",
    "University of Minnesota Duluth"
  ],
  "minot st": [
    "Minot St."
  ],
  "miramonte jc": [
    "Miramonte JC"
  ],
  "miss valley st": [
    "Miss. Valley St.",
    "Mississippi Valley State University"
  ],
  "mississippi col": [
    "Mississippi Col."
  ],
  "mississippi delta cc": [
    "Mississippi Delta CC"
  ],
  "mississippi gulf coast cc": [
    "Mississippi Gulf Coast CC"
  ],
  "mississippi st": [
    "Mississippi St.",
    "Mississippi State"
  ],
  "missouri": [
    "Missouri"
  ],
  "missouri s&t": [
    "Missouri S&T"
  ],
  "missouri southern": [
    "Missouri Southern"
  ],
  "missouri st": [
    "Missouri State"
  ],
  "missouri valley": [
    "Missouri Valley"
  ],
  "missouri western st": [
    "Missouri Western St."
  ],
  "missouri kansas city": [
    "Missouri-Kansas City"
  ],
  "moberly area community col": [
    "Moberly Area Community College"
  ],
  "modesto jc": [
    "Modesto JC"
  ],
  "molloy": [
    "Molloy"
  ],
  "monmouth": [
    "Monmouth",
    "Monmouth University"
  ],
  "monmouth (il)": [
    "Monmouth (IL)"
  ],
  "monroe community col": [
    "Monroe Community College"
  ],
  "montana": [
    "Montana"
  ],
  "montana st": [
    "Montana St.",
    "Montana State",
    "Montana State University"
  ],
  "montana tech": [
    "Montana Tech"
  ],
  "montclair st": [
    "Montclair St."
  ],
  "montreal": [
    "Montreal"
  ],
  "moorhead st (mn)": [
    "Moorhead State (MN)"
  ],
  "moorpark col": [
    "Moorpark College"
  ],
  "moraine valley cc (il)": [
    "Moraine Valley CC (IL)"
  ],
  "moravian": [
    "Moravian"
  ],
  "morehead st": [
    "Morehead St.",
    "Morehead State University"
  ],
  "morehouse": [
    "Morehouse",
    "Morehouse College"
  ],
  "morgan st": [
    "Morgan St.",
    "Morgan State University"
  ],
  "morningside": [
    "Morningside"
  ],
  "morris brown": [
    "Morris Brown"
  ],
  "mott community col": [
    "Mott Community College"
  ],
  "mount san antonio col": [
    "Mount San Antonio College",
    "Mount San Antonio JC"
  ],
  "mount senario": [
    "Mount Senario"
  ],
  "mount st mary's": [
    "Mount St. Mary's",
    "Mount St. Mary's University"
  ],
  "mount union": [
    "Mount Union",
    "Mount Union College"
  ],
  "muhlenberg": [
    "Muhlenberg",
    "Muhlenberg College"
  ],
  "murray st": [
    "Murray St.",
    "Murray State"
  ],
  "murray st col": [
    "Murray State College"
  ],
  "muskingum": [
    "Muskingum"
  ],
  "nc central": [
    "NC Central",
    "North Carolina Central"
  ],
  "nc st": [
    "NC State",
    "North Carolina St."
  ],
  "ne illinois": [
    "NE Illinois"
  ],
  "ne oklahoma a&m": [
    "NE Oklahoma A&M"
  ],
  "ne st (ok)": [
    "NE State (OK)",
    "Northeastern State University"
  ],
  "nw (ia)": [
    "NW (IA)"
  ],
  "nw missouri st": [
    "NW Missouri St.",
    "Northwest Missouri State University"
  ],
  "nw oklahoma st": [
    "NW Oklahoma St.",
    "Northwestern Oklahoma State University"
  ],
  "nyu": [
    "NYU"
  ],
  "nassau cc": [
    "Nassau CC"
  ],
  "navarro": [
    "Navarro"
  ],
  "navy": [
    "Navy",
    "United States Naval Academy"
  ],
  "nebraska": [
    "Nebraska"
  ],
  "nebraska wesleyan": [
    "Nebraska Wesleyan"
  ],
  "nebraska kearney": [
    "Nebraska-Kearney",
    "University of Nebraska at Kearney"
  ],
  "nebraska omaha": [
    "Nebraska-Omaha"
  ],
  "nevada": [
    "Nevada"
  ],
  "new hampshire": [
    "New Hampshire"
  ],
  "new haven": [
    "New Haven"
  ],
  "new mex highlands": [
    "New Mexico Highlands University",
    "New Mex. Highlands"
  ],
  "new mex mil inst": [
    "New Mexico Military Institute",
    "New Mex. Mil. Inst."
  ],
  "new mexico": [
    "New Mexico"
  ],
  "new mexico junior col": [
    "New Mexico Junior College"
  ],
  "new mexico st": [
    "New Mexico St.",
    "New Mexico State"
  ],
  "new mexico tech": [
    "New Mexico Tech"
  ],
  "new orleans": [
    "New Orleans"
  ],
  "new york city col technology": [
    "New York City College of Technology"
  ],
  "new york tech": [
    "New York Tech"
  ],
  "newberry": [
    "Newberry"
  ],
  "newport (wales)": [
    "Newport (Wales)"
  ],
  "niagara": [
    "Niagara",
    "Niagara University"
  ],
  "nicholls st": [
    "Nicholls St.",
    "Nicholls State"
  ],
  "norfolk st": [
    "Norfolk St.",
    "Norfolk State"
  ],
  "north alabama": [
    "North Alabama"
  ],
  "north carolina a&t": [
    "North Carolina A&T"
  ],
  "north carolina pembroke": [
    "North Carolina-Pembroke"
  ],
  "north central": [
    "North Central",
    "North Central University"
  ],
  "north central texas col": [
    "North Central Texas College"
  ],
  "north dakota": [
    "North Dakota",
    "University of North Dakota"
  ],
  "north dakota st": [
    "North Dakota St."
  ],
  "north dakota st col science": [
    "North Dakota State College of Science"
  ],
  "north dakota ellendale": [
    "North Dakota-Ellendale"
  ],
  "north greenville": [
    "North Greenville"
  ],
  "north park": [
    "North Park",
    "North Park University"
  ],
  "north texas": [
    "North Texas",
    "University of North Texas"
  ],
  "northeast community col": [
    "Northeast Community College"
  ],
  "northeast mississippi cc": [
    "Northeast Mississippi CC",
    "Northeast Mississippi Community College"
  ],
  "northeastern": [
    "Northeastern",
    "Northeastern University"
  ],
  "northeastern junior col": [
    "Northeastern Junior College"
  ],
  "northern arizona": [
    "Northern Arizona",
    "Northern Arizona University"
  ],
  "northern colorado": [
    "Northern Colorado",
    "University of Northern Colorado"
  ],
  "northern illinois": [
    "Northern Illinois"
  ],
  "northern iowa": [
    "Northern Iowa",
    "University of Northern Iowa"
  ],
  "northern michigan": [
    "Northern Michigan"
  ],
  "northern oklahoma col": [
    "Northern Oklahoma College"
  ],
  "northern st": [
    "Northern State Univ."
  ],
  "northern virginia cc": [
    "Northern Virginia CC"
  ],
  "northland (wi)": [
    "Northland (WI)"
  ],
  "northwest col": [
    "Northwest College"
  ],
  "northwest florida st col": [
    "Northwest Florida State College"
  ],
  "northwest mississippi cc": [
    "Northwest Mississippi CC"
  ],
  "northwestern": [
    "Northwestern"
  ],
  "northwestern st (la)": [
    "Northwestern St. (LA)"
  ],
  "northwestern st": [
    "Northwestern State University"
  ],
  "northwood": [
    "Northwood",
    "Northwood University"
  ],
  "norwich": [
    "Norwich"
  ],
  "notre dame": [
    "Notre Dame"
  ],
  "notre dame (oh)": [
    "Notre Dame (OH)"
  ],
  "oakland": [
    "Oakland"
  ],
  "oberlin": [
    "Oberlin"
  ],
  "occidental": [
    "Occidental"
  ],
  "odessa col": [
    "Odessa College"
  ],
  "oglethorpe": [
    "Oglethorpe"
  ],
  "ohio": [
    "Ohio",
    "Ohio University"
  ],
  "ohio dominican": [
    "Ohio Dominican"
  ],
  "ohio northern": [
    "Ohio Northern"
  ],
  "ohio st": [
    "Ohio St.",
    "Ohio State"
  ],
  "ohio wesleyan": [
    "Ohio Wesleyan",
    "Ohio Wesleyan University"
  ],
  "okaloosa walton community col": [
    "Okaloosa-Walton Community College"
  ],
  "oklahoma": [
    "Oklahoma"
  ],
  "oklahoma baptist": [
    "Oklahoma Baptist",
    "Oklahoma Baptist University"
  ],
  "oklahoma city": [
    "Oklahoma City",
    "Oklahoma City University"
  ],
  "oklahoma junior col": [
    "Oklahoma Junior College"
  ],
  "oklahoma st": [
    "Oklahoma St.",
    "Oklahoma State"
  ],
  "old dominion": [
    "Old Dominion"
  ],
  "olivet": [
    "Olivet"
  ],
  "oral roberts": [
    "Oral Roberts"
  ],
  "oregon": [
    "Oregon"
  ],
  "oregon st": [
    "Oregon St.",
    "Oregon State"
  ],
  "oregon tech": [
    "Oregon Tech"
  ],
  "ottawa (ks)": [
    "Ottawa (KS)"
  ],
  "otterbein": [
    "Otterbein",
    "Otterbein College"
  ],
  "ouachita baptist": [
    "Ouachita Baptist",
    "Ouachita Baptist University"
  ],
  "pacific": [
    "Pacific",
    "University of the Pacific"
  ],
  "pacific (or)": [
    "Pacific (OR)"
  ],
  "pacific lutheran": [
    "Pacific Lutheran"
  ],
  "palomar (ca)": [
    "Palomar (CA)",
    "Palomar College"
  ],
  "panhandle st (ok)": [
    "Panhandle State (OK)"
  ],
  "paris junior col": [
    "Paris Junior College"
  ],
  "park": [
    "Park"
  ],
  "parsons": [
    "Parsons"
  ],
  "pasadena cc": [
    "Pasadena CC"
  ],
  "pasadena city col": [
    "Pasadena City College"
  ],
  "paul quinn": [
    "Paul Quinn"
  ],
  "pearl river cc": [
    "Pearl River CC",
    "Pearl River Community College"
  ],
  "peirce col": [
    "Peirce College"
  ],
  "penn st": [
    "Penn St.",
    "Penn State"
  ],
  "pensacola st": [
    "Pensacola State"
  ],
  "pepperdine": [
    "Pepperdine"
  ],
  "peru st": [
    "Peru St."
  ],
  "pfeiffer": [
    "Pfeiffer University"
  ],
  "philander smith": [
    "Philander Smith"
  ],
  "phillips": [
    "Phillips",
    "Phillips University"
  ],
  "phoenix col": [
    "Phoenix College",
    "Phoenix College (JC)"
  ],
  "pierce col (ca)": [
    "Pierce College (CA)"
  ],
  "pikeville col": [
    "Pikeville College"
  ],
  "pittsburg st": [
    "Pittsburg St."
  ],
  "pittsburgh johnstown": [
    "Pittsburgh-Johnstown"
  ],
  "plymouth st": [
    "Plymouth St."
  ],
  "portland": [
    "Portland",
    "University of Portland"
  ],
  "portland st": [
    "Portland St.",
    "Portland State"
  ],
  "prairie view a&m": [
    "Prairie View A&M",
    "Prairie View A&M University"
  ],
  "pratt community col": [
    "Pratt Community College"
  ],
  "presbyterian": [
    "Presbyterian",
    "Presbyterian College"
  ],
  "pretoria": [
    "Pretoria"
  ],
  "princeton": [
    "Princeton"
  ],
  "principia": [
    "Principia"
  ],
  "providence": [
    "Providence"
  ],
  "puget sound": [
    "Puget Sound",
    "University of Puget Sound"
  ],
  "purdue": [
    "Purdue"
  ],
  "purdue fort wayne": [
    "Purdue-Fort Wayne"
  ],
  "queens (canada)": [
    "Queens (Canada)"
  ],
  "queens col": [
    "Queens College"
  ],
  "radford": [
    "Radford"
  ],
  "randolph macon": [
    "Randolph-Macon"
  ],
  "redlands": [
    "Redlands"
  ],
  "reedley": [
    "Reedley"
  ],
  "regina": [
    "Regina"
  ],
  "regis": [
    "Regis"
  ],
  "rensselaer polytechnic institute": [
    "Rensselaer Polytechnic Institute"
  ],
  "rhode island": [
    "Rhode Island"
  ],
  "rhodes": [
    "Rhodes"
  ],
  "rice": [
    "Rice",
    "Rice University"
  ],
  "richmond": [
    "Richmond"
  ],
  "rider": [
    "Rider",
    "Rider University"
  ],
  "ripon": [
    "Ripon"
  ],
  "riverside cc": [
    "Riverside CC",
    "Riverside Community College"
  ],
  "robert morris": [
    "Robert Morris",
    "Robert Morris University (PA)"
  ],
  "robert morris (il)": [
    "Robert Morris University (IL)"
  ],
  "rochester": [
    "Rochester",
    "University of Rochester"
  ],
  "rockhurst": [
    "Rockhurst University"
  ],
  "rocky mountain": [
    "Rocky Mountain"
  ],
  "rose hulman tech": [
    "Rose Hulman Tech"
  ],
  "rose st": [
    "Rose St."
  ],
  "rowan": [
    "Rowan"
  ],
  "rust": [
    "Rust"
  ],
  "rutgers": [
    "Rutgers",
    "Rutgers University"
  ],
  "rutgers camden": [
    "Rutgers-Camden"
  ],
  "sf austin": [
    "S.F. Austin"
  ],
  "se missouri st": [
    "SE Missouri St.",
    "SE Missouri State"
  ],
  "se oklahoma st": [
    "SE Oklahoma St.",
    "Southeastern Oklahoma State University"
  ],
  "smu": [
    "SMU"
  ],
  "sw oklahoma st": [
    "SW Oklahoma St."
  ],
  "sacramento cc": [
    "Sacramento CC"
  ],
  "sacramento st": [
    "Sacramento St."
  ],
  "sacred heart": [
    "Sacred Heart"
  ],
  "saddleback col": [
    "Saddleback College"
  ],
  "saginaw valley st": [
    "Saginaw Valley St."
  ],
  "salem": [
    "Salem",
    "Salem University"
  ],
  "salisbury": [
    "Salisbury"
  ],
  "sam houston st": [
    "Sam Houston St.",
    "Sam Houston State University"
  ],
  "samford": [
    "Samford"
  ],
  "san bernardino valley col": [
    "San Bernardino Valley College"
  ],
  "san diego": [
    "San Diego",
    "University of San Diego"
  ],
  "san diego city coll": [
    "San Diego City Coll"
  ],
  "san diego st": [
    "San Diego St.",
    "San Diego State"
  ],
  "san francisco": [
    "San Francisco"
  ],
  "san francisco st": [
    "San Francisco St."
  ],
  "san jacinto col": [
    "San Jacinto College"
  ],
  "san jose st": [
    "San Jose St.",
    "San Jose State"
  ],
  "san mateo": [
    "San Mateo"
  ],
  "santa clara": [
    "Santa Clara"
  ],
  "santa monica col": [
    "Santa Monica College (CA)",
    "Santa Monica College"
  ],
  "santa rosa jc": [
    "Santa Rosa JC"
  ],
  "saskatchewan": [
    "Saskatchewan"
  ],
  "savannah st": [
    "Savannah St.",
    "Savannah State University"
  ],
  "schreiner col": [
    "Schreiner College"
  ],
  "schuylkill": [
    "Schuylkill"
  ],
  "scranton": [
    "Scranton",
    "University of Scranton"
  ],
  "seattle": [
    "Seattle",
    "Seattle University"
  ],
  "seattle pacific": [
    "Seattle Pacific University"
  ],
  "seton hall": [
    "Seton Hall"
  ],
  "seward county community col": [
    "Seward County Community College"
  ],
  "shaw": [
    "Shaw"
  ],
  "shepherd": [
    "Shepherd"
  ],
  "sherbrooke": [
    "Sherbrooke"
  ],
  "sherman indian": [
    "Sherman Indian"
  ],
  "shippensburg": [
    "Shippensburg"
  ],
  "shorter": [
    "Shorter University"
  ],
  "siena col": [
    "Siena College"
  ],
  "simon fraser": [
    "Simon Fraser"
  ],
  "simpson": [
    "Simpson"
  ],
  "sioux falls": [
    "Sioux Falls"
  ],
  "slippery rock": [
    "Slippery Rock",
    "Slippery Rock University of Pennsylvania"
  ],
  "snow col (ut)": [
    "Snow College (UT)"
  ],
  "sonoma st": [
    "Sonoma St.",
    "Sonoma State University"
  ],
  "south alabama": [
    "South Alabama",
    "University of South Alabama"
  ],
  "south carolina": [
    "South Carolina"
  ],
  "south carolina st": [
    "South Carolina St.",
    "South Carolina State"
  ],
  "south dakota": [
    "South Dakota"
  ],
  "south dakota st": [
    "South Dakota St.",
    "South Dakota State"
  ],
  "south florida": [
    "South Florida"
  ],
  "south plains col": [
    "South Plains College"
  ],
  "southeastern illinois col": [
    "Southeastern Illinois College"
  ],
  "southeastern iowa community col": [
    "Southeastern Iowa Community College"
  ],
  "southeastern louisiana": [
    "Southeastern Louisiana"
  ],
  "southeastern": [
    "Southeastern University"
  ],
  "southern": [
    "Southern",
    "Southern University and A&M College"
  ],
  "southern arkansas": [
    "Southern Arkansas"
  ],
  "southern connecticut st": [
    "Southern Connecticut St."
  ],
  "southern illinois": [
    "Southern Illinois"
  ],
  "southern miss": [
    "Southern Miss"
  ],
  "southern oregon": [
    "Southern Oregon"
  ],
  "southern utah": [
    "Southern Utah"
  ],
  "southwest mississippi cc": [
    "Southwest Mississippi CC"
  ],
  "southwestern (ks)": [
    "Southwestern (KS)"
  ],
  "southwestern (tx)": [
    "Southwestern (TX)"
  ],
  "southwestern assemblies god": [
    "Southwestern Assemblies of God"
  ],
  "southwestern christian col": [
    "Southwestern Christian College"
  ],
  "spring hill": [
    "Spring Hill"
  ],
  "springfield": [
    "Springfield",
    "Springfield College"
  ],
  "saint john's (mn)": [
    "Saint John's (MN)"
  ],
  "saint peter's col": [
    "Saint Peter's College"
  ],
  "st ambrose": [
    "St. Ambrose"
  ],
  "st anselm": [
    "St. Anselm"
  ],
  "st augustine's": [
    "St. Augustine's",
    "Saint Augustine's College"
  ],
  "st bernard": [
    "St. Bernard"
  ],
  "st bonaventure": [
    "St. Bonaventure"
  ],
  "st cloud st": [
    "St. Cloud St."
  ],
  "st edward's": [
    "St. Edward's"
  ],
  "st francis (pa)": [
    "St. Francis (PA)",
    "Saint Francis University"
  ],
  "st francis col": [
    "St. Francis College"
  ],
  "st francis xavier (ns)": [
    "St. Francis Xavier (NS)"
  ],
  "st gregory's": [
    "St. Gregory's University"
  ],
  "st john's": [
    "St. John's (NY)",
    "St. John's"
  ],
  "st joseph's (IN)": [
    "St. Joseph's (IN)"
  ],
  "st joseph's (pa)": [
    "St. Joseph's (PA)",
    "Saint Joseph's"
  ],
  "st lawrence": [
    "St. Lawrence"
  ],
  "st leo": [
    "St. Leo"
  ],
  "st louis": [
    "St. Louis",
    "Saint Louis"
  ],
  "st mary's (ca)": [
    "St. Mary's (CA)",
    "Saint Mary's"
  ],
  "st mary's (canada)": [
    "St. Mary's (Canada)"
  ],
  "st mary's (ks)": [
    "St. Mary's (KS)",
    "Saint Mary of the Plains College"
  ],
  "st mary's (mn)": [
    "St. Mary's (MN)",
    "Saint Mary's University of Minnesota"
  ],
  "st mary's (tx)": [
    "St. Mary's (TX)",
    "St. Mary's University"
  ],
  "st norbert": [
    "St. Norbert"
  ],
  "st olaf": [
    "St. Olaf"
  ],
  "st paul's": [
    "St. Paul's"
  ],
  "st thomas": [
    "St. Thomas",
    "St. Thomas University"
  ],
  "st viator": [
    "St. Viator"
  ],
  "st vincent": [
    "St. Vincent",
    "Saint Vincent College"
  ],
  "stanford": [
    "Stanford"
  ],
  "state col florida": [
    "State College of Florida"
  ],
  "state new york potsdam": [
    "State University of New York at Potsdam"
  ],
  "stephen f austin": [
    "Stephen F. Austin"
  ],
  "sterling": [
    "Sterling"
  ],
  "stetson": [
    "Stetson",
    "Stetson University"
  ],
  "stillman": [
    "Stillman"
  ],
  "stony brook": [
    "Stony Brook",
    "Stony Brook University"
  ],
  "sul ross st": [
    "Sul Ross St."
  ],
  "swarthmore": [
    "Swarthmore"
  ],
  "syracuse": [
    "Syracuse"
  ],
  "tcu": [
    "TCU"
  ],
  "tabor": [
    "Tabor"
  ],
  "taft": [
    "Taft"
  ],
  "tampa": [
    "Tampa",
    "University of Tampa"
  ],
  "tarkio": [
    "Tarkio"
  ],
  "tarleton st": [
    "Tarleton St."
  ],
  "taylor": [
    "Taylor"
  ],
  "temple": [
    "Temple"
  ],
  "tennessee": [
    "Tennessee"
  ],
  "tennessee st": [
    "Tennessee St.",
    "Tennessee State"
  ],
  "tennessee tech": [
    "Tennessee Tech",
    "Tennessee Technological University"
  ],
  "tennessee wesleyan": [
    "Tennessee Wesleyan"
  ],
  "texas": [
    "Texas"
  ],
  "texas a&m": [
    "Texas A&M"
  ],
  "texas a&m commerce": [
    "Texas A&M University-Commerce",
    "Texas A&M-Commerce"
  ],
  "texas a&m kingsville": [
    "Texas A&M-Kingsville"
  ],
  "texas southern": [
    "Texas Southern"
  ],
  "texas st": [
    "Texas St.",
    "Texas State University"
  ],
  "texas tech": [
    "Texas Tech"
  ],
  "texas wesleyan": [
    "Texas Wesleyan University"
  ],
  "texas el paso": [
    "Texas-El Paso"
  ],
  "texas san antonio": [
    "Texas-San Antonio"
  ],
  "citadel": [
    "The Citadel"
  ],
  "thiel": [
    "Thiel"
  ],
  "thomas more col": [
    "Thomas More College"
  ],
  "three rivers community col": [
    "Three Rivers Community College"
  ],
  "tiffin": [
    "Tiffin"
  ],
  "toledo": [
    "Toledo"
  ],
  "toronto": [
    "Toronto"
  ],
  "towson": [
    "Towson",
    "Towson University"
  ],
  "trenton st": [
    "Trenton State University"
  ],
  "trinidad st junior col": [
    "Trinidad State Junior College"
  ],
  "trinity (ct)": [
    "Trinity (CT)"
  ],
  "trinity (il)": [
    "Trinity (IL)"
  ],
  "trinity (tx)": [
    "Trinity (TX)"
  ],
  "trinity valley cc": [
    "Trinity Valley CC (TX)",
    "Trinity Valley CC"
  ],
  "triton col": [
    "Triton College"
  ],
  "troy": [
    "Troy"
  ],
  "truman st": [
    "Truman St.",
    "Truman State University"
  ],
  "tufts": [
    "Tufts"
  ],
  "tulane": [
    "Tulane"
  ],
  "tulsa": [
    "Tulsa"
  ],
  "tusculum": [
    "Tusculum"
  ],
  "tuskegee": [
    "Tuskegee",
    "Tuskegee University"
  ],
  "tyler jc": [
    "Tyler JC",
    "Tyler Junior College"
  ],
  "us international": [
    "U.S. International"
  ],
  "uc davis": [
    "UC Davis",
    "UC-Davis"
  ],
  "uc irvine": [
    "UC Irvine",
    "Irvine"
  ],
  "uc riverside": [
    "UC Riverside",
    "Riverside"
  ],
  "uc santa barbara": [
    "UC Santa Barbara"
  ],
  "unlv": [
    "UNLV"
  ],
  "usc": [
    "USC"
  ],
  "usc upstate": [
    "USC Upstate"
  ],
  "union (ky)": [
    "Union (KY)"
  ],
  "union (ny)": [
    "Union (NY)"
  ],
  "union (tn)": [
    "Union (TN)"
  ],
  "mary": [
    "Univ. of Mary"
  ],
  "south": [
    "Univ. of the South"
  ],
  "alberta": [
    "University of Alberta"
  ],
  "arkansas fort smith": [
    "University of Arkansas-Fort Smith"
  ],
  "baltimore": [
    "University of Baltimore"
  ],
  "charleston": [
    "University of Charleston",
    "Charleston (WV)"
  ],
  "great falls": [
    "University of Great Falls"
  ],
  "hartford": [
    "University of Hartford"
  ],
  "illinois chicago": [
    "University of Illinois at Chicago"
  ],
  "montevallo": [
    "University of Montevallo"
  ],
  "southern colorado": [
    "University of Southern Colorado"
  ],
  "texas rio grande valley": [
    "University of Texas Rio Grande Valley"
  ],
  "vermont": [
    "University of Vermont",
    "Vermont"
  ],
  "west florida": [
    "University of West Florida",
    "West Florida"
  ],
  "district columbia": [
    "University of the District of Columbia"
  ],
  "upper iowa": [
    "Upper Iowa",
    "Upper Iowa University"
  ],
  "upsala": [
    "Upsala",
    "Upsala College"
  ],
  "urbana": [
    "Urbana"
  ],
  "ursinus": [
    "Ursinus"
  ],
  "utah": [
    "Utah"
  ],
  "utah st": [
    "Utah St.",
    "Utah State University"
  ],
  "utah valley": [
    "Utah Valley"
  ],
  "valdosta st": [
    "Valdosta St.",
    "Valdosta State University"
  ],
  "valencia cc (fl)": [
    "Valencia CC (FL)"
  ],
  "valparaiso": [
    "Valparaiso"
  ],
  "vanderbilt": [
    "Vanderbilt"
  ],
  "vanier col": [
    "Vanier College"
  ],
  "ventura col": [
    "Ventura College"
  ],
  "villanova": [
    "Villanova"
  ],
  "vincennes": [
    "Vincennes University"
  ],
  "virginia": [
    "Virginia"
  ],
  "virginia st": [
    "Virginia St."
  ],
  "virginia tech": [
    "Virginia Tech"
  ],
  "virginia union": [
    "Virginia Union",
    "Virginia Union University"
  ],
  "voorhees col": [
    "Voorhees College"
  ],
  "wabash": [
    "Wabash"
  ],
  "wagner": [
    "Wagner"
  ],
  "wake forest": [
    "Wake Forest"
  ],
  "wake technical cc": [
    "Wake Technical CC"
  ],
  "walla walla cc (wa)": [
    "Walla Walla CC (WA)",
    "Walla Walla Community College"
  ],
  "walsh": [
    "Walsh University"
  ],
  "washburn": [
    "Washburn"
  ],
  "washington": [
    "Washington"
  ],
  "washington & jefferson": [
    "Washington & Jefferson",
    "Washington & Jefferson College"
  ],
  "washington & lee": [
    "Washington & Lee"
  ],
  "washington (md)": [
    "Washington (MD)"
  ],
  "washington (mo)": [
    "Washington (MO)"
  ],
  "washington st": [
    "Washington St.",
    "Washington State"
  ],
  "washington saint louis": [
    "Washington University in Saint Louis"
  ],
  "wayne st (mi)": [
    "Wayne State (MI)",
    "Wayne State University"
  ],
  "wayne st (ne)": [
    "Wayne State (NE)"
  ],
  "waynesburg": [
    "Waynesburg"
  ],
  "webber international": [
    "Webber International"
  ],
  "weber st": [
    "Weber St.",
    "Weber State"
  ],
  "wenatchee valley col": [
    "Wenatchee Valley College"
  ],
  "wesley": [
    "Wesley"
  ],
  "wesleyan": [
    "Wesleyan"
  ],
  "west alabama": [
    "West Alabama"
  ],
  "west burlington campus": [
    "West Burlington Campus"
  ],
  "west chester": [
    "West Chester"
  ],
  "west georgia": [
    "West Georgia"
  ],
  "west hills coalinga": [
    "West Hills-Coalinga"
  ],
  "west liberty st": [
    "West Liberty St."
  ],
  "west los angeles col": [
    "West Los Angeles College"
  ],
  "west texas a&m": [
    "West Texas A&M",
    "West Texas A&M University"
  ],
  "west virginia": [
    "West Virginia"
  ],
  "west virginia st": [
    "West Virginia St.",
    "West Virginia State University"
  ],
  "west virginia tech": [
    "West Virginia Tech"
  ],
  "west virginia wesleyan": [
    "West Virginia Wesleyan",
    "West Virginia Wesleyan College"
  ],
  "westchester cc": [
    "Westchester CC"
  ],
  "western carolina": [
    "Western Carolina",
    "Western Carolina University"
  ],
  "western illinois": [
    "Western Illinois",
    "Western Illinois University"
  ],
  "western kentucky": [
    "Western Kentucky"
  ],
  "western maryland": [
    "Western Maryland"
  ],
  "western michigan": [
    "Western Michigan"
  ],
  "western montana": [
    "Western Montana"
  ],
  "western nebraska cc": [
    "Western Nebraska CC"
  ],
  "western new mexico": [
    "Western New Mexico"
  ],
  "western ontario": [
    "Western Ontario"
  ],
  "western oregon": [
    "Western Oregon"
  ],
  "western st (co)": [
    "Western St. (CO)"
  ],
  "western texas col": [
    "Western Texas College"
  ],
  "western washington": [
    "Western Washington"
  ],
  "westminster (mo)": [
    "Westminster (MO)"
  ],
  "westminster (pa)": [
    "Westminster (PA)",
    "Westminster College of Pennsylvania"
  ],
  "westminster (ut)": [
    "Westminster (UT)",
    "Westminster College of Utah"
  ],
  "wharton county junior col": [
    "Wharton County Junior College"
  ],
  "wheaton": [
    "Wheaton",
    "Wheaton College"
  ],
  "wheeling": [
    "Wheeling University"
  ],
  "whittier": [
    "Whittier"
  ],
  "whitworth": [
    "Whitworth"
  ],
  "wichita st": [
    "Wichita St.",
    "Wichita State"
  ],
  "widener": [
    "Widener"
  ],
  "wilberforce": [
    "Wilberforce University"
  ],
  "wiley": [
    "Wiley"
  ],
  "wilfrid laurier": [
    "Wilfrid Laurier"
  ],
  "willamette": [
    "Willamette"
  ],
  "william & mary": [
    "William & Mary"
  ],
  "william jewell": [
    "William Jewell"
  ],
  "william paterson": [
    "William Paterson",
    "William Paterson University"
  ],
  "william penn": [
    "William Penn"
  ],
  "williams": [
    "Williams"
  ],
  "wilmington": [
    "Wilmington"
  ],
  "wingate": [
    "Wingate",
    "Wingate University"
  ],
  "winona st": [
    "Winona St."
  ],
  "winston salem st": [
    "Winston-Salem St.",
    "Winston-Salem State"
  ],
  "winthrop": [
    "Winthrop University"
  ],
  "wisconsin": [
    "Wisconsin"
  ],
  "wisconsin parkside": [
    "University of Wisconsin-Parkside"
  ],
  "wisconsin eau claire": [
    "Wisconsin-Eau Claire",
    "University of Wisconsin-Eau Claire"
  ],
  "wisconsin lacrosse": [
    "Wisconsin-LaCrosse"
  ],
  "wisconsin oshkosh": [
    "Wisconsin-Oshkosh"
  ],
  "wisconsin platteville": [
    "Wisconsin-Platteville"
  ],
  "wisconsin river falls": [
    "Wisconsin-River Falls"
  ],
  "wisconsin stevens point": [
    "Wisconsin-Stevens Point",
    "University of Wisconsin-Stevens Point"
  ],
  "wisconsin stout": [
    "Wisconsin-Stout"
  ],
  "wisconsin-superior": [
    "Wisconsin-Superior"
  ],
  "wisconsin-whitewater": [
    "Wisconsin-Whitewater"
  ],
  "wittenberg": [
    "Wittenberg"
  ],
  "wofford": [
    "Wofford",
    "Wofford College"
  ],
  "worcester st": [
    "Worcester St."
  ],
  "wright st": [
    "Wright State University"
  ],
  "wyoming": [
    "Wyoming"
  ],
  "xavier": [
    "Xavier",
    "Xavier (OH)"
  ],
  "xavier louisiana": [
    "Xavier University of Louisiana"
  ],
  "yakima valley community col": [
    "Yakima Valley Community College"
  ],
  "yale": [
    "Yale"
  ],
  "yankton": [
    "Yankton",
    "Yankton College"
  ],
  "york": [
    "York"
  ],
  "youngstown st": [
    "Youngstown St.",
    "Youngstown State University"
  ],
  "la monroe": [
    "Louisiana-Monroe",
    "La-Monroe"
  ],
  "loyola (il)": [
    "Loyola Chicago",
    "Loyola (IL)"
  ],
  "ole miss": [
    "Ole Miss",
    "Mississippi"
  ],
  "penn": [
    "Penn",
    "Pennsylvania"
  ],
  "pitt": [
    "Pitt",
    "Pittsburgh"
  ],
  "uab": [
    "UAB",
    "Ala-Birmingham"
  ],
  "ucla": [
    "UCLA",
    "Los Angeles"
  ],
  "uconn": [
    "UConn",
    "Connecticut"
  ],
  "umass": [
    "UMass",
    "Massachusetts"
  ],
  "unc": [
    "North Carolina",
    "UNC"
  ],
  "unc charlotte": [
    "Charlotte",
    "UNC Charlotte"
  ],
  "unc wilmington": [
    "UNC Wilmington"
  ],
  "ut arlington": [
    "UT Arlington",
    "Texas-Arlington"
  ],
  "ut martin": [
    "UT Martin",
    "University of Tennessee at Martin"
  ],
  "uw milwaukee": [
    "UW-Milwaukee",
    "Wisconsin-Milwaukee"
  ],
  "vcu": [
    "VCU",
    "Virginia Commonwealth"
  ],
  "vmi": [
    "VMI",
    "Virginia Military Institute"
  ]
}